PARENT_COUNTRY_CODE,PARENT_COUNTRY_NAME,AFFILIATE_COUNTRY_CODE,AFFILIATE_COUNTRY_NAME,RELATED_PARTY_REVENUES,TOTAL_REVENUES,UNRELATED_PARTY_REVENUES,NB_AFFILIATE_COUNTRIES,CONTINENT_CODE
AUS,Australia,ARE,United Arab Emirates,18265314.57,132218351.41,113953035.83,60,APAC
AUS,Australia,ARG,Argentina,43578028.15,708912689.66,665334660.5,60,AMR
AUS,Australia,AUS,Australia,63295758010.54,472918958984.89,409623200978.6,60,APAC
AUS,Australia,AUT,Austria,2775287.3,100271030.59,97495742.54,60,EUR
AUS,Australia,BEL,Belgium,176125918.58,1091712065.86,915586147.28,60,EUR
AUS,Australia,BMU,Bermuda,3653739723.61,3836627572.89,182887848.53,60,AMR
AUS,Australia,BRA,Brazil,470846559.24,1235936486.11,765089927.12,60,AMR
AUS,Australia,CAN,Canada,492033271.36,3206982024.26,2714948752.63,60,AMR
AUS,Australia,CHE,Switzerland,4469744692.84,5376022659.64,906277966.81,60,EUR
AUS,Australia,CHL,Chile,218428673.07,7100643609.14,6882214937.08,60,AMR
AUS,Australia,CHN,China (People's Republic of),362283222.35,1977352077.88,1615068855.3,60,APAC
AUS,Australia,COL,Colombia,377641684.7,599640987.49,221999301.79,60,AMR
AUS,Australia,CZE,Czech Republic,16247800.38,73319725.22,57071925.82,60,EUR
AUS,Australia,DEU,Germany,3131050649.55,5705143166.65,2574092519.59,60,EUR
AUS,Australia,DNK,Denmark,14150296.81,147129058.73,132978762.66,60,EUR
AUS,Australia,ECU,Ecuador,7591855.54,189477686.58,181885830.05,60,AMR
AUS,Australia,ESP,Spain,31832125.78,367421719.49,335589592.98,60,EUR
AUS,Australia,FIN,Finland,1875767.18,52677663.18,50801896.0,60,EUR
AUS,Australia,FJI,Fiji,5191113.65,152697210.18,147506097.26,60,APAC
AUS,Australia,FRA,France,174119018.17,3130860133.5,2956741115.35,60,EUR
AUS,Australia,GBR,United Kingdom,10548410820.83,25863049125.64,15314638307.27,60,EUR
AUS,Australia,GGY,Guernsey,121931791.39,128604236.39,6672445.0,60,EUR
AUS,Australia,HKG,"Hong Kong, China",1191931820.97,4409530329.56,3217598507.85,60,APAC
AUS,Australia,IDN,Indonesia,181647911.35,2521506456.45,2339858545.1,60,APAC
AUS,Australia,IND,India,120214333.8,427799023.63,307584689.09,60,APAC
AUS,Australia,IRL,Ireland,141428114.0,1060952589.11,919524473.36,60,EUR
AUS,Australia,ITA,Italy,107029843.96,638648181.39,531618337.69,60,EUR
AUS,Australia,JEY,Jersey,32166962.91,169228392.46,137061429.54,60,EUR
AUS,Australia,JPN,Japan,128732206.27,698628557.38,569896347.89,60,APAC
AUS,Australia,KOR,Korea,63974300.19,348967126.26,284992826.07,60,APAC
AUS,Australia,LUX,Luxembourg,54897129.1,881262347.02,826365217.9,60,EUR
AUS,Australia,MEX,Mexico,24475123.36,414087168.88,389612044.78,60,AMR
AUS,Australia,MLT,Malta,-809016.41,26641774.64,27450791.05,60,EUR
AUS,Australia,MUS,Mauritius,720028.36,10481580.6,9761552.24,60,AFR
AUS,Australia,MYS,Malaysia,925463945.87,1583339895.21,657875951.82,60,APAC
AUS,Australia,NAM,Namibia,732680.6,5754585.07,5021904.48,60,AFR
AUS,Australia,NLD,Netherlands,78829173.8,664597833.35,585768659.04,60,EUR
AUS,Australia,NOR,Norway,2938201.49,114637576.12,111699375.37,60,EUR
AUS,Australia,NZL,New Zealand,6385372363.62,21585835054.23,15200462689.09,60,APAC
AUS,Australia,OAFR,Other Africa,548689245.95,1155563696.44,606874449.02,60,AFR
AUS,Australia,OAMR,Other Americas,17979633.33,220146550.26,202166916.67,60,AMR
AUS,Australia,OASIAOCN,Other Asia,244626276.55,1404754709.26,1160128429.43,60,APAC
AUS,Australia,OEUR,Other Europe,105290619.3,367781083.07,262490462.28,60,EUR
AUS,Australia,PER,Peru,13769237.65,329052088.72,315282851.06,60,AMR
AUS,Australia,PHL,Philippines,210025954.56,432072590.88,222046637.08,60,APAC
AUS,Australia,PNG,Papua New Guinea,33841023.89,2203645739.05,2169804715.15,60,APAC
AUS,Australia,POL,Poland,20975496.61,293746802.04,272771305.44,60,EUR
AUS,Australia,PRT,Portugal,26889596.49,175409582.99,148519986.51,60,EUR
AUS,Australia,RUS,Russia,4300326.03,308031619.18,303731293.16,60,APAC
AUS,Australia,SGP,Singapore,10552223798.55,43471663903.65,32919440104.11,60,APAC
AUS,Australia,SLB,Solomon Islands,10649099.25,73145406.76,62496306.76,60,APAC
AUS,Australia,SWE,Sweden,60805388.46,322611525.43,261806136.23,60,EUR
AUS,Australia,THA,Thailand,218891854.09,1330405520.18,1111513665.15,60,APAC
AUS,Australia,TTO,Trinidad and Tobago,-808414.75,155190571.52,155998985.26,60,AMR
AUS,Australia,TUR,Turkey,5343035.62,312498720.59,307155684.97,60,APAC
AUS,Australia,TWN,Chinese Taipei,4354520.9,42499531.33,38145010.43,60,APAC
AUS,Australia,UKI,UK Caribbean Islands,46496486.8,424738202.95,378241716.14,60,AMR
AUS,Australia,USA,United States,7843671044.42,45889856265.18,38046185218.54,60,AMR
AUS,Australia,VNM,Viet Nam,47992410.92,484674084.79,436681674.86,60,APAC
AUS,Australia,ZAF,South Africa,1943398605.29,3556822893.3,1613424287.02,60,AFR
AUT,Austria,AFRIC,Africa,622731354.828,1051635758.39,428904404.669,5,AFR
AUT,Austria,AMER,America (Continent),5715101741.674,39033627158.921,33323188624.926,5,AMR
AUT,Austria,ASIAT,Asia,7215269178.228,32832858942.406,25619392267.588,5,APAC
AUT,Austria,AUT,Austria,46115047878.466,174135151509.61,128049602907.79,5,EUR
AUT,Austria,EUROP,Europe,52347946825.374,226715291085.11,174361330649.05,5,EUR
BEL,Belgium,ARG,Argentina,387312916.667,2421812337.5,2034499420.833,44,AMR
BEL,Belgium,AUS,Australia,581854661.667,2150914617.5,1569059955.833,44,APAC
BEL,Belgium,AUT,Austria,79122495.833,566694127.5,487682292.5,44,EUR
BEL,Belgium,BEL,Belgium,35214158400.833,129796857937.5,94582588875.833,44,EUR
BEL,Belgium,BRA,Brazil,5438647975.833,15256366448.333,9817718472.5,44,AMR
BEL,Belgium,CAN,Canada,717635504.167,4718467272.5,4000721107.5,44,AMR
BEL,Belgium,CHE,Switzerland,1655264745.0,12538979025.0,10883714280.0,44,EUR
BEL,Belgium,CHL,Chile,169421735.833,1197460877.5,1028039141.667,44,AMR
BEL,Belgium,CHN,China (People's Republic of),4471582953.333,12599953144.167,8128370190.833,44,APAC
BEL,Belgium,COL,Colombia,310403637.5,1142462443.333,832058805.833,44,AMR
BEL,Belgium,CZE,Czech Republic,593474049.167,3604334002.5,3010859953.333,44,EUR
BEL,Belgium,DEU,Germany,6559088913.333,21622241546.667,15063263294.167,44,EUR
BEL,Belgium,DNK,Denmark,36407414.167,335855629.167,299448215.0,44,EUR
BEL,Belgium,ESP,Spain,869019524.167,2600418922.5,1731399398.333,44,EUR
BEL,Belgium,FRA,France,7842201275.833,19257751520.833,11415550245.0,44,EUR
BEL,Belgium,GBR,United Kingdom,55658194055.0,65493507600.0,9835313545.0,44,EUR
BEL,Belgium,GRC,Greece,1125199353.333,4558009064.167,3432809710.833,44,EUR
BEL,Belgium,HKG,"Hong Kong, China",147068247.5,516454109.167,369385861.667,44,APAC
BEL,Belgium,HUN,Hungary,67613769.167,1029809715.0,962195945.833,44,EUR
BEL,Belgium,IND,India,151162698.333,1110813445.0,959650746.667,44,APAC
BEL,Belgium,IRL,Ireland,-1082816254.167,192992493.333,1275919408.333,44,EUR
BEL,Belgium,ITA,Italy,1214723967.5,4891983459.167,3677259491.667,44,EUR
BEL,Belgium,JPN,Japan,197861570.0,1442574623.333,1244602392.5,44,APAC
BEL,Belgium,LUX,Luxembourg,32740114150.0,40887407343.333,8147403854.167,44,EUR
BEL,Belgium,MEX,Mexico,5864360201.667,13771962030.0,7907601828.333,44,AMR
BEL,Belgium,MYS,Malaysia,51346626.667,248322910.0,196865622.5,44,APAC
BEL,Belgium,NLD,Netherlands,50210139908.333,57144701029.166,6934561120.833,44,EUR
BEL,Belgium,NOR,Norway,91295187.5,385874325.833,294579138.333,44,EUR
BEL,Belgium,OAFR,Other Africa,188898042.5,1617861383.333,1428963340.833,44,AFR
BEL,Belgium,OAMR,Other Americas,1055151045.833,4275713278.333,3220451571.667,44,AMR
BEL,Belgium,OASIAOCN,Other Asia,630434767.5,6274247928.333,5643813160.833,44,APAC
BEL,Belgium,OEUR,Other Europe,844784801.667,2608054520.0,1763269718.333,44,EUR
BEL,Belgium,PER,Peru,89413953.333,919259542.5,829845589.167,44,AMR
BEL,Belgium,POL,Poland,247880266.667,1200227398.333,952347131.667,44,EUR
BEL,Belgium,PRT,Portugal,77462583.333,2335939530.833,2258476947.5,44,EUR
BEL,Belgium,ROU,Romania,78458530.833,1021620813.333,943162282.5,44,EUR
BEL,Belgium,RUS,Russia,112210085.0,1376952749.167,1264742664.167,44,APAC
BEL,Belgium,SGP,Singapore,222870918.333,1335233615.0,1112252035.833,44,APAC
BEL,Belgium,SVK,Slovak Republic,112320745.833,822099330.833,709778585.0,44,EUR
BEL,Belgium,SWE,Sweden,43047064.167,235264931.667,192107206.667,44,EUR
BEL,Belgium,TUR,Turkey,68499055.833,540467510.0,471968454.167,44,APAC
BEL,Belgium,UKR,Ukraine,43268385.833,252196039.167,208927653.333,44,EUR
BEL,Belgium,USA,United States,14546809185.0,74866480183.333,60319781659.166,44,AMR
BEL,Belgium,ZAF,South Africa,258503706.667,1837633798.333,1579130091.667,44,AFR
BMU,Bermuda,ARE,United Arab Emirates,95221443.0,229605465.0,134384022.0,72,APAC
BMU,Bermuda,ARG,Argentina,2834920008.0,3784784816.0,949864808.0,72,AMR
BMU,Bermuda,AUS,Australia,524356225.0,997338911.48,472982683.48,72,APAC
BMU,Bermuda,AUT,Austria,4518243474.36,6394849385.68,1876606913.32,72,EUR
BMU,Bermuda,BEL,Belgium,829764009.0,1197888432.0,368125423.0,72,EUR
BMU,Bermuda,BGR,Bulgaria,19963839.48,159573070.16,139609230.68,72,EUR
BMU,Bermuda,BHS,Bahamas,229394803.62,229581244.62,186441.0,72,AMR
BMU,Bermuda,BMU,Bermuda,18731220510.889,29720006552.79,11032456527.26,72,AMR
BMU,Bermuda,BOL,Bolivia,42940114.04,2111373042.18,2068432929.14,72,AMR
BMU,Bermuda,BRA,Brazil,5101797340.0,10702952521.0,5601155184.0,72,AMR
BMU,Bermuda,BRB,Barbados,188075317.0,260714938.0,72639620.0,72,AMR
BMU,Bermuda,CAN,Canada,646392914.03,5031524189.26,4385131275.23,72,AMR
BMU,Bermuda,CHE,Switzerland,24236943626.0,35111057068.0,10874114441.0,72,EUR
BMU,Bermuda,CHL,Chile,110799736.12,707190730.22,596390994.1,72,AMR
BMU,Bermuda,CHN,China (People's Republic of),239451329665.0,508099498561.48,268648287092.48,72,APAC
BMU,Bermuda,COL,Colombia,23973100.3,1466685261.3,1442712161.0,72,AMR
BMU,Bermuda,CYP,Cyprus,132502777.0,1250829144.0,1118326367.0,72,EUR
BMU,Bermuda,CZE,Czech Republic,20552887.0,93400706.0,72847818.0,72,EUR
BMU,Bermuda,DEU,Germany,4219879192.76,15311354771.96,11091475580.2,72,EUR
BMU,Bermuda,DNK,Denmark,14513051.52,857821276.72,843308232.96,72,EUR
BMU,Bermuda,EGY,Egypt,8553662.0,62246545.0,53692883.0,72,AFR
BMU,Bermuda,ESP,Spain,2116274848.0,4357717448.0,2241442601.0,72,EUR
BMU,Bermuda,FIN,Finland,31787604.0,127256357.0,95468753.0,72,EUR
BMU,Bermuda,FRA,France,650663367.08,3959699254.68,3309036887.6,72,EUR
BMU,Bermuda,GBR,United Kingdom,8571412929.0,24273592982.0,15702179052.0,72,EUR
BMU,Bermuda,GGY,Guernsey,1391200.0,50181682.0,48790482.0,72,EUR
BMU,Bermuda,GIB,Gibraltar,8366613.0,14268950.0,5902337.0,72,EUR
BMU,Bermuda,GRPS,Other Groups,1236060614.0,4907344267.0,3670381634.0,72,OTHER_GROUPS
BMU,Bermuda,HKG,"Hong Kong, China",2804645195.32,15636112391.56,12831467196.24,72,APAC
BMU,Bermuda,HUN,Hungary,192720246.4,978013174.0,785292928.6,72,EUR
BMU,Bermuda,IDN,Indonesia,6472703126.28,27831040036.52,21358336902.48,72,APAC
BMU,Bermuda,IMN,Isle of Man,106694632.0,322490196.0,215795564.0,72,EUR
BMU,Bermuda,IND,India,611911407.0,6626254860.12,3233216453.12,72,APAC
BMU,Bermuda,IRL,Ireland,260266383.0,1773173100.0,1512906714.0,72,EUR
BMU,Bermuda,ISR,Israel,10424946.0,10071441.0,-353505.0,72,APAC
BMU,Bermuda,ITA,Italy,249794644.0,2109805785.88,1864103376.88,72,EUR
BMU,Bermuda,JEY,Jersey,34652355.0,36194246.0,1541892.0,72,EUR
BMU,Bermuda,JPN,Japan,160090789.0,1115331147.51,955240359.51,72,APAC
BMU,Bermuda,KEN,Kenya,9571767.0,90972965.0,81401197.0,72,AFR
BMU,Bermuda,KOR,Korea,45043484.0,183545898.0,138502415.0,72,APAC
BMU,Bermuda,LBR,Liberia,9082000.0,9726283.0,644283.0,72,AFR
BMU,Bermuda,LUX,Luxembourg,800593122.78,1483027680.78,682434562.0,72,EUR
BMU,Bermuda,MAC,"Macau, China",13886214556.12,59127951445.16,45241736889.04,72,APAC
BMU,Bermuda,MAR,Morocco,43121.0,15631782.0,15588661.0,72,AFR
BMU,Bermuda,MEX,Mexico,112594778.0,1412121871.4,1299527095.4,72,AMR
BMU,Bermuda,MLT,Malta,4782426.0,4982946.0,200520.0,72,EUR
BMU,Bermuda,MMR,Myanmar,0.0,4023922.0,4023922.0,72,APAC
BMU,Bermuda,MUS,Mauritius,25186502.0,201046829.0,175860327.0,72,AFR
BMU,Bermuda,MYS,Malaysia,182724329.0,2480892360.0,2298167032.0,72,APAC
BMU,Bermuda,NLD,Netherlands,726160336.32,1050134784.32,323974446.0,72,EUR
BMU,Bermuda,NOR,Norway,283526484.0,1907867995.0,1624341509.0,72,EUR
BMU,Bermuda,NZL,New Zealand,14452271.0,36469152.0,22016880.0,72,APAC
BMU,Bermuda,PAN,Panama,2230455014.64,2295798203.34,65343193.7,72,AMR
BMU,Bermuda,PER,Peru,2047846630.06,58164734030.959,56116887400.899,72,AMR
BMU,Bermuda,PHL,Philippines,30623755.0,2265484728.2,2234860964.2,72,APAC
BMU,Bermuda,POL,Poland,93769906.0,268725085.0,960432881.0,72,EUR
BMU,Bermuda,PRT,Portugal,11243405.0,365012453.0,353769049.0,72,EUR
BMU,Bermuda,ROU,Romania,111574062.0,427197922.0,315623859.0,72,EUR
BMU,Bermuda,RUS,Russia,6777432842.0,10269002831.0,3491569988.0,72,APAC
BMU,Bermuda,SAU,Saudi Arabia,16556889.0,207839612.0,191282723.0,72,APAC
BMU,Bermuda,SGP,Singapore,18328642704.0,29516317352.0,11187674646.0,72,APAC
BMU,Bermuda,SWE,Sweden,77718742.0,328515071.71,250795329.71,72,EUR
BMU,Bermuda,THA,Thailand,14735820.0,1462375058.32,1447639238.32,72,APAC
BMU,Bermuda,TUR,Turkey,5953107.0,492692259.0,486739151.0,72,APAC
BMU,Bermuda,TWN,Chinese Taipei,21442887.0,1052007333.0,1030564445.0,72,APAC
BMU,Bermuda,UKI,UK Caribbean Islands,1552497368.96,4097134931.0600004,2544637561.1,72,AMR
BMU,Bermuda,UKR,Ukraine,597414770.0,1014494133.04,417079363.04,72,EUR
BMU,Bermuda,URY,Uruguay,5483437614.0,11353564759.02,5870127145.02,72,AMR
BMU,Bermuda,USA,United States,10389955822.96,60570633544.04,50180677720.08,72,AMR
BMU,Bermuda,VEN,Venezuela,118574.0,74792259.0,74673684.0,72,AMR
BMU,Bermuda,VNM,Viet Nam,16495396.0,2100183991.56,2083688595.56,72,APAC
BMU,Bermuda,ZAF,South Africa,30021391.04,4295163145.8,4265141754.76,72,AFR
BRA,Brazil,ARE,United Arab Emirates,854069045.0,1153455195.0,299386150.0,43,APAC
BRA,Brazil,ARG,Argentina,908188235.0,6762075402.0,5853887168.0,43,AMR
BRA,Brazil,AUS,Australia,1283460073.0,5753243742.0,4469783669.0,43,APAC
BRA,Brazil,AUT,Austria,5081174161.0,12864891724.0,7783717563.0,43,EUR
BRA,Brazil,BEL,Belgium,40192294.0,165066852.0,124874557.0,43,EUR
BRA,Brazil,BHS,Bahamas,3280655536.0,17653245538.0,14372590002.0,43,AMR
BRA,Brazil,BMU,Bermuda,203893495.0,277294134.0,73400639.0,43,AMR
BRA,Brazil,BOL,Bolivia,5569892.0,297581447.0,292011555.0,43,AMR
BRA,Brazil,BRA,Brazil,234262532190.0,1009524795638.0,775262263448.0,43,AMR
BRA,Brazil,CAN,Canada,3575619516.0,6992413538.0,3416794022.0,43,AMR
BRA,Brazil,CHE,Switzerland,2739939156.0,31476887815.0,28736948659.0,43,EUR
BRA,Brazil,CHL,Chile,611921825.0,10377651282.0,9765729456.0,43,AMR
BRA,Brazil,CHN,China (People's Republic of),499448676.0,1512029258.0,1012580582.0,43,APAC
BRA,Brazil,COL,Colombia,250696275.0,2780913943.0,2530217668.0,43,AMR
BRA,Brazil,DEU,Germany,373519035.0,5387609140.0,5014090104.0,43,EUR
BRA,Brazil,DOM,Dominican Republic,0.0,1028084802.0,1028084802.0,43,AMR
BRA,Brazil,ECU,Ecuador,14045708.0,215517563.0,201471855.0,43,AMR
BRA,Brazil,ESP,Spain,379498957.0,1078697298.0,699198341.0,43,EUR
BRA,Brazil,FRA,France,94157233.0,917723376.0,823566143.0,43,EUR
BRA,Brazil,GBR,United Kingdom,903613935.0,5394482430.0,4490868495.0,43,EUR
BRA,Brazil,HKG,"Hong Kong, China",128980210.0,162384562.0,33404353.0,43,APAC
BRA,Brazil,IND,India,21864410.0,167595968.0,145731558.0,43,APAC
BRA,Brazil,ITA,Italy,79374132.0,686838524.0,607464392.0,43,EUR
BRA,Brazil,JPN,Japan,66161967.0,596078216.0,529916249.0,43,APAC
BRA,Brazil,LUX,Luxembourg,2470230342.0,3079832968.0,609602627.0,43,EUR
BRA,Brazil,MEX,Mexico,2094342634.0,5297714805.0,3203372171.0,43,AMR
BRA,Brazil,MOZ,Mozambique,834192381.0,1365228877.0,531036495.0,43,AFR
BRA,Brazil,MYS,Malaysia,935820348.0,990580003.0,54759655.0,43,APAC
BRA,Brazil,NLD,Netherlands,20759285296.0,33597094144.0,12837808849.0,43,EUR
BRA,Brazil,OAFR,Other Africa,877518567.0,3222475806.0,2344957239.0,43,AFR
BRA,Brazil,OAMR,Other Americas,16603221.0,203045894.0,186442673.0,43,AMR
BRA,Brazil,OASIAOCN,Other Asia,1542384047.0,3329812912.0,1787428866.0,43,APAC
BRA,Brazil,OEUR,Other Europe,360681868.0,1470903666.0,1110221797.0,43,EUR
BRA,Brazil,PAN,Panama,24137647.0,1486033608.0,1461895961.0,43,AMR
BRA,Brazil,PER,Peru,2228861279.0,4218710965.0,1989849686.0,43,AMR
BRA,Brazil,PRT,Portugal,356145834.0,1265469742.0,909323909.0,43,EUR
BRA,Brazil,PRY,Paraguay,138849437.0,1827150028.0,1688300591.0,43,AMR
BRA,Brazil,SGP,Singapore,1026839004.0,6004389563.0,4977550559.0,43,APAC
BRA,Brazil,UKI,UK Caribbean Islands,4516426987.0,20285839146.0,15769412157.0,43,AMR
BRA,Brazil,URY,Uruguay,852316691.0,2740324988.0,1888008297.0,43,AMR
BRA,Brazil,USA,United States,14970430867.0,53832993115.0,38862562248.0,43,AMR
BRA,Brazil,VEN,Venezuela,391949775.0,4874883284.0,4482933509.0,43,AMR
BRA,Brazil,ZAF,South Africa,127479314.0,880348991.0,752869677.0,43,AFR
CAN,Canada,AFRIC,Africa,0.0,7923599000.0,0.0,14,AFR
CAN,Canada,AUS,Australia,1241108000.0,13123811000.0,11882703000.0,14,APAC
CAN,Canada,CAN,Canada,115683928000.0,544615681000.0,428931753000.0,14,AMR
CAN,Canada,CHN,China (People's Republic of),4359659000.0,11344778000.0,6985119000.0,14,APAC
CAN,Canada,ESP,Spain,0.0,0.0,0.0,14,EUR
CAN,Canada,FRA,France,482048000.0,3661112000.0,3179064000.0,14,EUR
CAN,Canada,GBR,United Kingdom,6304600000.0,27206243000.0,20901643000.0,14,EUR
CAN,Canada,ITA,Italy,0.0,2215018000.0,0.0,14,EUR
CAN,Canada,MEX,Mexico,3024926000.0,10912309000.0,7887383000.0,14,AMR
CAN,Canada,NLD,Netherlands,1431763000.0,2922114000.0,1490352000.0,14,EUR
CAN,Canada,OAMR,Other Americas,22794437000.0,47383260000.0,24588824000.0,14,AMR
CAN,Canada,OASIAOCN,Other Asia,10192229000.0,43951922000.0,33759693000.0,14,APAC
CAN,Canada,OEUR,Other Europe,40531597000.0,81983608000.0,41452012000.0,14,EUR
CAN,Canada,USA,United States,58665121000.0,287540870000.0,228875749000.0,14,AMR
CHL,Chile,AFRIC,Africa,0.0,0.0,0.0,18,AFR
CHL,Chile,ARG,Argentina,837846458.263,7505041228.778,6667194770.515,18,AMR
CHL,Chile,BEL,Belgium,163450498.321,1070820523.533,907370025.212,18,EUR
CHL,Chile,BRA,Brazil,1576060608.411,11116903172.578,9540842564.167,18,AMR
CHL,Chile,CHL,Chile,19949264277.038,86773320956.777,66824056679.74,18,AMR
CHL,Chile,CHN,China (People's Republic of),56094546.175,106414300.734,50319754.559,18,APAC
CHL,Chile,COL,Colombia,582508789.54,7042162843.997,6459654054.457,18,AMR
CHL,Chile,ECU,Ecuador,92013780.23,728573635.529,636559855.298,18,AMR
CHL,Chile,MEX,Mexico,162447498.017,1156812726.742,994365228.724,18,AMR
CHL,Chile,OAMR,Other Americas,96780414.16,1506458643.282,1409678229.122,18,AMR
CHL,Chile,OASIAOCN,Other Asia,191582654.863,402797021.227,211214366.363,18,APAC
CHL,Chile,OEUR,Other Europe,88074669.366,2534062108.028,2445987438.662,18,EUR
CHL,Chile,PAN,Panama,304441361.892,1616435417.945,1311994056.053,18,AMR
CHL,Chile,PER,Peru,816252516.813,6699850373.384,5883597856.571,18,AMR
CHL,Chile,SGP,Singapore,2738896.687,205916979.54,203178082.852,18,APAC
CHL,Chile,UKI,UK Caribbean Islands,45252785.153,63485207.116,18232421.963,18,AMR
CHL,Chile,URY,Uruguay,409606163.408,645685437.813,236079274.405,18,AMR
CHL,Chile,USA,United States,351845815.975,4044031400.919,3692185584.945,18,AMR
CHN,China (People's Republic of),AGO,Angola,878190185.11,1150018782.846,271828597.732,93,AFR
CHN,China (People's Republic of),ARE,United Arab Emirates,2367856281.006,4655095476.749,2287239195.646,93,APAC
CHN,China (People's Republic of),ARG,Argentina,73474631.127,1684007955.206,1610533323.974,93,AMR
CHN,China (People's Republic of),AUS,Australia,2818307925.291,10545630193.922,7727322268.601,93,APAC
CHN,China (People's Republic of),AUT,Austria,26819895.678,433519870.884,406699975.303,93,EUR
CHN,China (People's Republic of),BEL,Belgium,80477127.911,902356107.724,821878979.843,93,EUR
CHN,China (People's Republic of),BGD,Bangladesh,84720752.363,195365682.42,110644930.059,93,APAC
CHN,China (People's Republic of),BLR,Belarus,1304158.774,359715200.998,358411042.224,93,EUR
CHN,China (People's Republic of),BMU,Bermuda,220574992.997,222246265.706,1671272.709,93,AMR
CHN,China (People's Republic of),BOL,Bolivia,4304025.384,280368749.623,276064724.322,93,AMR
CHN,China (People's Republic of),BRA,Brazil,451393184.777,4754707820.247,4303314635.524,93,AMR
CHN,China (People's Republic of),BRN,Brunei Darussalam,501492.806,35768514.652,35267021.836,93,APAC
CHN,China (People's Republic of),CAN,Canada,2423858015.997,9387869119.705,6964011103.663,93,AMR
CHN,China (People's Republic of),CHE,Switzerland,80853462.093,698815001.438,617961539.221,93,EUR
CHN,China (People's Republic of),CHL,Chile,50795061.988,318088721.648,267293659.709,93,AMR
CHN,China (People's Republic of),CHN,China (People's Republic of),906363407331.89,3832923904344.0,2926560497012.1,93,APAC
CHN,China (People's Republic of),CIV,Côte d'Ivoire,79448119.327,123481512.646,44033393.325,93,AFR
CHN,China (People's Republic of),CMR,Cameroon,54489424.916,338765615.306,284276190.39,93,AFR
CHN,China (People's Republic of),COD,Democratic Republic of the Congo,235380217.971,841715552.408,606335334.434,93,AFR
CHN,China (People's Republic of),COG,Congo,100936477.627,212598873.488,111662395.861,93,AFR
CHN,China (People's Republic of),COL,Colombia,60280621.119,749211531.715,688930910.551,93,AMR
CHN,China (People's Republic of),CZE,Czech Republic,148354634.015,551137244.883,402782610.92,93,EUR
CHN,China (People's Republic of),DEU,Germany,1436560988.324,8602483182.913,7165922194.74,93,EUR
CHN,China (People's Republic of),DZA,Algeria,43181488.069,1743711800.148,1700530312.072,93,AFR
CHN,China (People's Republic of),ECU,Ecuador,36507176.602,1711710006.929,1675202830.318,93,AMR
CHN,China (People's Republic of),EGY,Egypt,91684256.928,209871490.947,118187234.095,93,AFR
CHN,China (People's Republic of),ESP,Spain,106669699.914,1774094143.104,1667424443.25,93,EUR
CHN,China (People's Republic of),ETH,Ethiopia,8427744.123,928880145.747,920452401.616,93,AFR
CHN,China (People's Republic of),FIN,Finland,59196420.916,425405866.962,366209446.182,93,EUR
CHN,China (People's Republic of),FRA,France,514967711.325,3131509368.081,2616541656.771,93,EUR
CHN,China (People's Republic of),GAB,Gabon,10772520.788,20099110.348,9326589.56,93,AFR
CHN,China (People's Republic of),GBR,United Kingdom,14966734318.295,67189678618.938,52222944300.643,93,EUR
CHN,China (People's Republic of),GHA,Ghana,31640776.548,118082086.423,86441309.872,93,AFR
CHN,China (People's Republic of),HKG,"Hong Kong, China",168916638543.43,315681674090.05,146765035546.63,93,APAC
CHN,China (People's Republic of),HUN,Hungary,1043174803.649,2491984613.968,1448809810.334,93,EUR
CHN,China (People's Republic of),IDN,Indonesia,856123461.078,5016537091.743,4160413630.649,93,APAC
CHN,China (People's Republic of),IND,India,224788938.782,3941977999.44,3717189060.658,93,APAC
CHN,China (People's Republic of),IRL,Ireland,277393429.446,2440527408.107,2163133978.666,93,EUR
CHN,China (People's Republic of),IRQ,Iraq,2830997825.797,4492077119.612,1661079293.821,93,APAC
CHN,China (People's Republic of),ITA,Italy,92522804.363,2043348303.145,1950825498.706,93,EUR
CHN,China (People's Republic of),JPN,Japan,1305203796.777,8466578086.637,7161374289.905,93,APAC
CHN,China (People's Republic of),KAZ,Kazakhstan,2299020686.836,6789276892.387,4490256205.548,93,APAC
CHN,China (People's Republic of),KEN,Kenya,41270238.804,334378655.309,293108416.505,93,AFR
CHN,China (People's Republic of),KGZ,Kyrgyzstan,31583038.873,49357257.378,17774218.506,93,APAC
CHN,China (People's Republic of),KHM,Cambodia,12479903.119,346609350.169,334129447.056,93,APAC
CHN,China (People's Republic of),KOR,Korea,266904979.327,9107121144.624,8840216165.297,93,APAC
CHN,China (People's Republic of),LAO,Lao People's Democratic Republic,251549048.804,911681280.255,660132231.45,93,APAC
CHN,China (People's Republic of),LKA,Sri Lanka,1108388.236,454663335.093,453554946.855,93,APAC
CHN,China (People's Republic of),LUX,Luxembourg,255654832.616,731875067.867,476220235.248,93,EUR
CHN,China (People's Republic of),MAC,"Macau, China",1525265594.03,6566660868.408,5041395274.372,93,APAC
CHN,China (People's Republic of),MAR,Morocco,9233353.036,451314067.038,442080714.003,93,AFR
CHN,China (People's Republic of),MEX,Mexico,941159378.026,3791626501.331,2850467123.291,93,AMR
CHN,China (People's Republic of),MLI,Mali,3193572.009,102237885.717,99044313.712,93,AFR
CHN,China (People's Republic of),MMR,Myanmar,557771686.464,776233847.33,218462160.867,93,APAC
CHN,China (People's Republic of),MNG,Mongolia,301814094.021,319737194.842,17923100.821,93,APAC
CHN,China (People's Republic of),MOZ,Mozambique,431242.895,26706949.524,26275706.63,93,AFR
CHN,China (People's Republic of),MUS,Mauritius,15806262.666,52450035.672,36643773.021,93,AFR
CHN,China (People's Republic of),MYS,Malaysia,402402829.337,2286719435.941,1884316606.453,93,APAC
CHN,China (People's Republic of),NAM,Namibia,425073.514,87016592.241,86591518.727,93,AFR
CHN,China (People's Republic of),NGA,Nigeria,1063628180.64,1969664215.2,906036034.56,93,AFR
CHN,China (People's Republic of),NLD,Netherlands,450733088.59,8120303844.66,7669570755.934,93,EUR
CHN,China (People's Republic of),NOR,Norway,203010706.62,634176933.685,431166227.035,93,EUR
CHN,China (People's Republic of),NZL,New Zealand,260060528.101,518229400.855,258168872.759,93,APAC
CHN,China (People's Republic of),OAFR,Other Africa,791129757.333,4230506378.643,3439376621.303,93,AFR
CHN,China (People's Republic of),OAMR,Other Americas,1606508001.374,11123723240.351,9517215238.974,93,AMR
CHN,China (People's Republic of),OASIAOCN,Other Asia,573732435.605,4400284786.825,3826552351.158,93,APAC
CHN,China (People's Republic of),OMN,Oman,158125935.042,1090423607.648,932297672.59,93,APAC
CHN,China (People's Republic of),OEUR,Other Europe,291167687.578,1978353028.191,1687185340.515,93,EUR
CHN,China (People's Republic of),PAK,Pakistan,227060718.042,1951524037.36,1724463319.318,93,APAC
CHN,China (People's Republic of),PAN,Panama,145407619.994,262521787.477,117114167.483,93,AMR
CHN,China (People's Republic of),PER,Peru,755273074.977,2637446272.526,1882173197.596,93,AMR
CHN,China (People's Republic of),PHL,Philippines,26775364.526,349848661.875,323073297.395,93,APAC
CHN,China (People's Republic of),PNG,Papua New Guinea,43997041.075,967652582.14,923655541.069,93,APAC
CHN,China (People's Republic of),POL,Poland,201967679.678,1337984397.795,1136016718.087,93,EUR
CHN,China (People's Republic of),PRT,Portugal,21446107.205,287716840.494,266270733.346,93,EUR
CHN,China (People's Republic of),RUS,Russia,83685940.446,1185090357.581,1101404417.105,93,APAC
CHN,China (People's Republic of),SAU,Saudi Arabia,77389817.563,4208818728.509,4131428910.991,93,APAC
CHN,China (People's Republic of),SGP,Singapore,34972557799.131,110329694067.2,75357136268.068,93,APAC
CHN,China (People's Republic of),SWE,Sweden,549988256.509,1363436894.509,813448638.015,93,EUR
CHN,China (People's Republic of),THA,Thailand,240661625.194,3241732024.669,3001070399.55,93,APAC
CHN,China (People's Republic of),TJK,Tajikistan,123866.053,166534453.854,166410587.803,93,APAC
CHN,China (People's Republic of),TUN,Tunisia,5252505.518,21471284.105,16218778.587,93,AFR
CHN,China (People's Republic of),TUR,Turkey,66671121.164,1300761322.491,1234090201.402,93,APAC
CHN,China (People's Republic of),TWN,Chinese Taipei,1244772695.419,1823492279.628,578719584.209,93,APAC
CHN,China (People's Republic of),TZA,Tanzania,34612711.973,231528475.36,196915763.393,93,AFR
CHN,China (People's Republic of),UGA,Uganda,6945634.206,357365896.863,350420262.661,93,AFR
CHN,China (People's Republic of),UKI,UK Caribbean Islands,3235965428.1540003,6874230704.165999,3638265276.012,93,AMR
CHN,China (People's Republic of),USA,United States,6523214414.128,35970331217.628,29447116803.5,93,AMR
CHN,China (People's Republic of),UZB,Uzbekistan,2753920.735,116527533.708,113773612.988,93,APAC
CHN,China (People's Republic of),VEN,Venezuela,48318532.578,2666781366.828,2618462834.25,93,AMR
CHN,China (People's Republic of),VNM,Viet Nam,14126918.462,271853458.709,257726540.244,93,APAC
CHN,China (People's Republic of),ZAF,South Africa,214764537.86,1308987256.28,1094222718.42,93,AFR
CHN,China (People's Republic of),ZMB,Zambia,1045661204.483,1742127909.233,696466704.753,93,AFR
DNK,Denmark,ARE,United Arab Emirates,268235010.977,899657753.492,631422742.515,100,APAC
DNK,Denmark,ARG,Argentina,35206398.602,122741719.167,87535320.565,100,AMR
DNK,Denmark,AUS,Australia,138628715.406,1638364944.91,1499736229.504,100,APAC
DNK,Denmark,AUT,Austria,38115581.776,442651456.107,404535874.332,100,EUR
DNK,Denmark,AZE,Azerbaijan,9472131.0,134671920.296,125199789.296,100,APAC
DNK,Denmark,BEL,Belgium,288626552.124,1083570995.165,794944443.041,100,EUR
DNK,Denmark,BGD,Bangladesh,32490665.135,48069965.132,15579299.996,100,APAC
DNK,Denmark,BGR,Bulgaria,25606572.115,120995814.606,95389242.491,100,EUR
DNK,Denmark,BLR,Belarus,4164928.536,81966764.523,77801835.987,100,EUR
DNK,Denmark,BRA,Brazil,140697995.201,855240815.828,714542820.627,100,AMR
DNK,Denmark,BWA,Botswana,-165856.66,5088227.621,5254084.281,100,AFR
DNK,Denmark,CAN,Canada,145828149.881,1399424184.436,1253596034.555,100,AMR
DNK,Denmark,CHE,Switzerland,3611269545.573,4809354272.575,1198084727.002,100,EUR
DNK,Denmark,CHL,Chile,220655021.253,565147922.611,344492901.358,100,AMR
DNK,Denmark,CHN,China (People's Republic of),2572296883.273,6245287339.379,3672990456.107,100,APAC
DNK,Denmark,COL,Colombia,25130373.661,198837284.342,173706910.681,100,AMR
DNK,Denmark,CRI,Costa Rica,18441824.928,260990961.688,242549136.76,100,AMR
DNK,Denmark,CYP,Cyprus,83375637.318,581935201.325,498559564.007,100,EUR
DNK,Denmark,CZE,Czech Republic,851348366.083,1507896141.293,656547775.21,100,EUR
DNK,Denmark,DEU,Germany,1805751672.242,10552268537.338,8746516865.096,100,EUR
DNK,Denmark,DNK,Denmark,30879045800.473,98655588228.118,67776542427.645,100,EUR
DNK,Denmark,DOM,Dominican Republic,49915548.948,58162182.84,8246633.892,100,AMR
DNK,Denmark,DZA,Algeria,1093383.0,574540796.711,573447413.711,100,AFR
DNK,Denmark,ECU,Ecuador,4746836.0,21271129.262,16524293.262,100,AMR
DNK,Denmark,EGY,Egypt,77731788.532,673243215.494,595511426.962,100,AFR
DNK,Denmark,ESP,Spain,561936788.261,2525018182.327,1963081394.067,100,EUR
DNK,Denmark,EST,Estonia,127447913.386,668910144.041,541462230.655,100,EUR
DNK,Denmark,FIN,Finland,532671140.194,3471077481.635,2938406341.44,100,EUR
DNK,Denmark,FRA,France,976442984.906,4351002384.071,3374559399.165,100,EUR
DNK,Denmark,FRO,Faeroe Islands,22808325.73,28275996.329,5467670.6,100,EUR
DNK,Denmark,GBR,United Kingdom,2244184873.384,8883396474.804,6639211601.42,100,EUR
DNK,Denmark,GHA,Ghana,26407901.619,238499999.142,212092097.523,100,AFR
DNK,Denmark,GIB,Gibraltar,2428563.611,2482458.469,53894.858,100,EUR
DNK,Denmark,GRC,Greece,7878211.315,218723064.414,210844853.099,100,EUR
DNK,Denmark,GRL,Greenland,1613571.571,100431701.888,98818130.317,100,AMR
DNK,Denmark,HKG,"Hong Kong, China",659687423.743,1549503290.14,889815866.397,100,APAC
DNK,Denmark,HRV,Croatia,62411250.966,146055929.094,83644678.129,100,EUR
DNK,Denmark,HUN,Hungary,412847089.388,625509740.412,212662651.024,100,EUR
DNK,Denmark,IDN,Indonesia,241271326.648,342189114.249,100917787.601,100,APAC
DNK,Denmark,IND,India,390920460.848,1261440760.401,870520299.553,100,APAC
DNK,Denmark,IRL,Ireland,593576537.367,933874669.038,340298131.672,100,EUR
DNK,Denmark,IRN,Iran,1165908.782,1176220.825,10312.042,100,APAC
DNK,Denmark,ISL,Iceland,8887.627,161049616.988,161040729.361,100,EUR
DNK,Denmark,ISR,Israel,13622712.354,150887801.353,137265088.999,100,APAC
DNK,Denmark,ITA,Italy,228136120.739,2189345392.626,1961209271.887,100,EUR
DNK,Denmark,JOR,Jordan,20327528.437,172175845.401,151848316.965,100,APAC
DNK,Denmark,JPN,Japan,184174130.646,679001319.485,494827188.839,100,APAC
DNK,Denmark,KAZ,Kazakhstan,757093.787,159540151.625,158783057.838,100,APAC
DNK,Denmark,KEN,Kenya,14316357.943,29750669.712,15434311.769,100,AFR
DNK,Denmark,KOR,Korea,74020537.105,438759333.012,364738795.907,100,APAC
DNK,Denmark,LKA,Sri Lanka,21941125.547,45239465.469,23298339.922,100,APAC
DNK,Denmark,LTU,Lithuania,36366504.602,378703997.234,342337492.632,100,EUR
DNK,Denmark,LUX,Luxembourg,6303461.03,296605712.386,290302251.357,100,EUR
DNK,Denmark,LVA,Latvia,34228055.848,275213268.046,240985212.198,100,EUR
DNK,Denmark,MAC,"Macau, China",11573.0,17968847.164,17957274.164,100,APAC
DNK,Denmark,MAR,Morocco,79497961.595,92406250.337,12908288.742,100,AFR
DNK,Denmark,MEX,Mexico,272258402.621,654861721.285,382603318.664,100,AMR
DNK,Denmark,MOZ,Mozambique,4355926.986,10164330.983,5808403.998,100,AFR
DNK,Denmark,MUS,Mauritius,1911271.042,16764867.154,14853596.112,100,AFR
DNK,Denmark,MWI,Malawi,341851.21,42294016.171,41952164.961,100,AFR
DNK,Denmark,MYS,Malaysia,331936269.363,624022252.26,292085982.897,100,APAC
DNK,Denmark,NAM,Namibia,1466689.0,3017305.082,1550616.082,100,AFR
DNK,Denmark,NGA,Nigeria,63617366.498,355973651.335,292356284.837,100,AFR
DNK,Denmark,NLD,Netherlands,2238954576.502,4524337791.392,2285383214.891,100,EUR
DNK,Denmark,NOR,Norway,869546886.48,6486062763.706,5616515877.226,100,EUR
DNK,Denmark,NZL,New Zealand,8634882.901,148574877.36,139939994.459,100,APAC
DNK,Denmark,OAFR,Other Africa,145989731.368,700711994.334,554722262.966,100,AFR
DNK,Denmark,OAMR,Other Americas,87320804.914,105473254.861,18152449.947,100,AMR
DNK,Denmark,OASIAOCN,Other Asia,53073027.432,907119875.601,854046848.169,100,APAC
DNK,Denmark,OMN,Oman,22269804.0,73683037.403,51413233.403,100,APAC
DNK,Denmark,OEUR,Other Europe,102712278.578,231482996.773,128770718.195,100,EUR
DNK,Denmark,PAK,Pakistan,3087769.757,39515208.205,36427438.449,100,APAC
DNK,Denmark,PAN,Panama,24704517.0,48731474.309,24026957.309,100,AMR
DNK,Denmark,PER,Peru,26133684.504,361329657.109,335195972.604,100,AMR
DNK,Denmark,PHL,Philippines,68419018.066,152884652.117,84465634.051,100,APAC
DNK,Denmark,PNG,Papua New Guinea,998455.0,18872397.913,17873942.913,100,APAC
DNK,Denmark,POL,Poland,1052679586.505,3238635779.078,2185956192.574,100,EUR
DNK,Denmark,PRI,Puerto Rico,-9389.282,3398214.694,3407603.976,100,AMR
DNK,Denmark,PRT,Portugal,137552371.022,297238076.495,159685705.473,100,EUR
DNK,Denmark,QAT,Qatar,9203765.802,1957776845.301,1948573079.499,100,APAC
DNK,Denmark,ROU,Romania,43696995.885,191710322.686,148013326.801,100,EUR
DNK,Denmark,RUS,Russia,406365200.49,2677191589.126,2270826388.636,100,APAC
DNK,Denmark,SAU,Saudi Arabia,10564611.136,37455217.094,26890605.958,100,APAC
DNK,Denmark,SGP,Singapore,3208137260.659,6409131161.638,3200993900.979,100,APAC
DNK,Denmark,SRB,Serbia,27225749.97,85057042.49,57831292.52,100,EUR
DNK,Denmark,SVK,Slovak Republic,268868807.805,426407775.701,157538967.896,100,EUR
DNK,Denmark,SVN,Slovenia,117901794.793,177359347.677,59457552.884,100,EUR
DNK,Denmark,SWE,Sweden,785238992.91,6688023438.114,5902784445.204,100,EUR
DNK,Denmark,THA,Thailand,1086867433.659,1283817413.654,196949979.994,100,APAC
DNK,Denmark,TUN,Tunisia,2529331.0,17705598.306,15176267.306,100,AFR
DNK,Denmark,TUR,Turkey,121904312.636,393005411.39,271101098.754,100,APAC
DNK,Denmark,TWN,Chinese Taipei,39418354.273,169589139.359,130170785.086,100,APAC
DNK,Denmark,UKI,UK Caribbean Islands,60912014.194,127593462.388,66681448.194,100,AMR
DNK,Denmark,UKR,Ukraine,2486895.072,300275619.485,297788724.412,100,EUR
DNK,Denmark,URY,Uruguay,6199436.55,89093287.35,82893850.8,100,AMR
DNK,Denmark,USA,United States,3218171865.987,16284943185.405,13066771319.418,100,AMR
DNK,Denmark,VEN,Venezuela,915716.0,15949529.529,15033813.529,100,AMR
DNK,Denmark,VNM,Viet Nam,241234322.667,458637229.227,217402906.56,100,APAC
DNK,Denmark,ZAF,South Africa,272707697.202,1200541375.763,927833678.561,100,AFR
DNK,Denmark,ZMB,Zambia,-2365536.975,3983760.265,6349297.24,100,AFR
FRA,France,ARG,Argentina,739931766.463,12867541669.246,12127609990.205,87,AMR
FRA,France,AUS,Australia,2750955121.165,19363268559.768,16612312392.858,87,APAC
FRA,France,AUT,Austria,1062185261.461,6216247214.854,5154061946.754,87,EUR
FRA,France,BEL,Belgium,25931626300.561,96522177478.906,70631684604.64,87,EUR
FRA,France,BFA,Burkina Faso,31416816.412,860705104.343,829288282.398,87,AFR
FRA,France,BGR,Bulgaria,159568982.141,1015574699.353,856005728.278,87,EUR
FRA,France,BLR,Belarus,1605142.027,29785863.853,28180720.719,87,EUR
FRA,France,BRA,Brazil,5290462880.553,68975012009.279,63684373183.534,87,AMR
FRA,France,CAF,Central African Republic,4117665.263,122934791.835,118817129.892,87,AFR
FRA,France,CAN,Canada,7926817373.812,27484510566.22,19557692999.858,87,AMR
FRA,France,CHE,Switzerland,49662207415.493,98432479581.777,48770198452.889,87,EUR
FRA,France,CHL,Chile,793260144.958,5435766114.32,4642505954.976,87,AMR
FRA,France,CHN,China (People's Republic of),16449756670.399,78284259269.178,61834502401.803,87,APAC
FRA,France,CIV,Côte d'Ivoire,526130084.391,3186484378.267,2660327077.951,87,AFR
FRA,France,CMR,Cameroon,121371962.084,1740047980.675,1618662872.084,87,AFR
FRA,France,COL,Colombia,701493425.007,8503803671.468,7802310379.254,87,AMR
FRA,France,CRI,Costa Rica,67136944.915,417676192.148,350539236.167,87,AMR
FRA,France,CZE,Czech Republic,4438873472.315,14590848569.205,10151974937.538,87,EUR
FRA,France,DEU,Germany,32452656890.593,137545205646.96,105092546757.83,87,EUR
FRA,France,DNK,Denmark,705333272.929,4442605188.003,3737271936.1,87,EUR
FRA,France,DOM,Dominican Republic,3601221.113,833625478.835,830024257.722,87,AMR
FRA,France,DZA,Algeria,564832066.429,6134690704.113,5569858597.846,87,AFR
FRA,France,ECU,Ecuador,14343225.343,475139757.942,460796534.812,87,AMR
FRA,France,EGY,Egypt,482464281.2,4802718330.268,4320253983.778,87,AFR
FRA,France,ESP,Spain,30281155736.164,96156919825.16,65890222857.528,87,EUR
FRA,France,FIN,Finland,267700419.781,3669624813.758,3401924365.205,87,EUR
FRA,France,FRA,France,467458414174.62,1427804642940.8,960343035136.54,87,EUR
FRA,France,GAB,Gabon,1372721682.002,2880453989.397,1507732281.944,87,AFR
FRA,France,GBR,United Kingdom,40328934457.022,141630247012.87,101301310630.35,87,EUR
FRA,France,GGY,Guernsey,5730876.678,237872387.512,232141508.62,87,EUR
FRA,France,GHA,Ghana,21026916.142,879035273.52,858008344.099,87,AFR
FRA,France,GRC,Greece,600816192.949,2449498439.705,1848682265.569,87,EUR
FRA,France,GTM,Guatemala,35852717.887,198884322.874,163031601.667,87,AMR
FRA,France,HKG,"Hong Kong, China",15262867676.017,31568945132.307,16306165046.553,87,APAC
FRA,France,HND,Honduras,1865231.504,19316795.715,17451564.212,87,AMR
FRA,France,HRV,Croatia,187466576.011,1073823609.588,886351974.164,87,EUR
FRA,France,HUN,Hungary,2397900754.593,7585563035.271,5187662245.267,87,EUR
FRA,France,IDN,Indonesia,1626214940.574,6955021506.626,5328807715.818,87,APAC
FRA,France,IND,India,4084692766.583,13911983817.251,9827291123.704,87,APAC
FRA,France,IRL,Ireland,10789980403.279,18672405903.827,7882425517.148,87,EUR
FRA,France,ISR,Israel,256416135.417,773080559.924,516664417.867,87,APAC
FRA,France,ITA,Italy,22467164713.106,107841005704.79,85373714852.724,87,EUR
FRA,France,JPN,Japan,1572129149.538,26832531617.326,25260402364.873,87,APAC
FRA,France,KOR,Korea,1900038835.111,16368715165.217,14468676700.819,87,APAC
FRA,France,LBN,Lebanon,89083053.096,1286243947.89,1197160872.661,87,APAC
FRA,France,LTU,Lithuania,106644028.78,753495229.097,646851179.291,87,EUR
FRA,France,LUX,Luxembourg,7440375137.758,15435398758.838,7995679607.435,87,EUR
FRA,France,LVA,Latvia,215235307.554,388111125.43,172875820.089,87,EUR
FRA,France,MAC,"Macau, China",32474157.436,1692034617.66,1659560450.265,87,APAC
FRA,France,MAR,Morocco,4911924298.986,13771442361.194,8859518165.122,87,AFR
FRA,France,MCO,Monaco,68241710.746,942331308.17,874089585.252,87,EUR
FRA,France,MDG,Madagascar,19170097.075,448820880.292,429644863.97,87,AFR
FRA,France,MEX,Mexico,5278859991.477,19762680722.506,14483820801.852,87,AMR
FRA,France,MLT,Malta,51657088.954,755108148.368,703451031.748,87,EUR
FRA,France,MOZ,Mozambique,21485546.646,213189640.242,191704091.383,87,AFR
FRA,France,MUS,Mauritius,71971554.052,337244188.024,265227071.587,87,AFR
FRA,France,MYS,Malaysia,947145097.578,3677469372.11,2719699592.917,87,APAC
FRA,France,NCL,New Caledonia,760609646.164,2322333968.392,1561724289.03,87,APAC
FRA,France,NLD,Netherlands,11624694075.378,47870480849.996,36245785975.647,87,EUR
FRA,France,NOR,Norway,3620417975.869,11533215686.655,7912797645.496,87,EUR
FRA,France,NZL,New Zealand,406191476.669,2442464572.659,2036273099.31,87,APAC
FRA,France,OAFR,Other Africa,8715953675.313,22700410134.362,13984073266.035,87,AFR
FRA,France,OAMR,Other Americas,51005593.217,5593105172.222,5542099619.949,87,AMR
FRA,France,OASIAOCN,Other Asia,7512870069.967,20599474982.05,13086605723.226,87,APAC
FRA,France,OEUR,Other Europe,10545273559.543,70343158565.199,59797223320.269,87,EUR
FRA,France,PHL,Philippines,2375752194.63,3596516723.15,1220764503.068,87,APAC
FRA,France,POL,Poland,6520100547.698,35055135574.169,28535036265.872,87,EUR
FRA,France,PRT,Portugal,4390831715.943,14916902739.295,10526070775.471,87,EUR
FRA,France,PYF,French Polynesia,61853372.605,706390144.75,644536780.998,87,APAC
FRA,France,ROU,Romania,6969344791.993,18133856393.949,11164511600.849,87,EUR
FRA,France,SAU,Saudi Arabia,770417202.652,3782693673.302,3012276449.625,87,APAC
FRA,France,SGP,Singapore,20744441406.291,44787359920.267,24042904577.351,87,APAC
FRA,France,SLE,Sierra Leone,2550371.454,166645159.25,164094788.903,87,AFR
FRA,France,SRB,Serbia,152262291.876,739135250.81,586872955.614,87,EUR
FRA,France,SVK,Slovak Republic,3945587497.806,6915712277.691,2970124930.384,87,EUR
FRA,France,SWE,Sweden,3278599710.828,14250217524.487,10971615290.593,87,EUR
FRA,France,TCD,Chad,5219702.197,211194852.568,205975149.264,87,AFR
FRA,France,TGO,Togo,11082648.153,295313517.928,284230869.775,87,AFR
FRA,France,THA,Thailand,594924884.621,6246135759.788,5651210787.744,87,APAC
FRA,France,TUN,Tunisia,1122299004.821,2080367675.605,958070874.041,87,AFR
FRA,France,TUR,Turkey,4442953102.343,15460790575.357,11017836070.941,87,APAC
FRA,France,TWN,Chinese Taipei,328939752.021,6548713716.568,6219774171.482,87,APAC
FRA,France,UKR,Ukraine,264260702.621,1970343862.465,1706083160.951,87,EUR
FRA,France,URY,Uruguay,215713581.462,522259397.509,306545817.153,87,AMR
FRA,France,USA,United States,50769400313.572,292312539857.8,241543143379.73,87,AMR
FRA,France,VNM,Viet Nam,512029005.977,2360438339.879,1848403175.627,87,APAC
FRA,France,ZAF,South Africa,1254500514.921,7590215824.233,6335715431.039,87,AFR
IDN,Indonesia,ASM,American Samoa,0.0,38876043.15,38876043.15,32,APAC
IDN,Indonesia,AUS,Australia,521653.18,25002354.61,24480701.43,32,APAC
IDN,Indonesia,AUT,Austria,1564910.178,1564910.178,0.0,32,EUR
IDN,Indonesia,BMU,Bermuda,0.0,0.0,0.0,32,AMR
IDN,Indonesia,CAN,Canada,0.0,82570871.766,82570871.766,32,AMR
IDN,Indonesia,CHN,China (People's Republic of),58305785.034,305441042.276,247135257.242,32,APAC
IDN,Indonesia,DZA,Algeria,50040797.075,90580214.603,40539417.528,32,AFR
IDN,Indonesia,ESP,Spain,0.0,0.0,0.0,32,EUR
IDN,Indonesia,GBR,United Kingdom,2024964.388,4781572.888,2756608.5,32,EUR
IDN,Indonesia,HKG,"Hong Kong, China",8687253.885,45803515.111,37116261.226,32,APAC
IDN,Indonesia,IDN,Indonesia,21397889169.228,115900706722.58,93757568213.575,32,APAC
IDN,Indonesia,IND,India,-1242899.541,108939889.802,107696990.261,32,APAC
IDN,Indonesia,IRQ,Iraq,41431713.978,97626028.968,56194314.99,32,APAC
IDN,Indonesia,ITA,Italy,527834.219,12906077.948,12378243.729,32,EUR
IDN,Indonesia,JPN,Japan,474155117.484,32625624283.522,32151469166.038,32,APAC
IDN,Indonesia,KOR,Korea,0.0,0.0,0.0,32,APAC
IDN,Indonesia,MLT,Malta,0.0,0.0,0.0,32,EUR
IDN,Indonesia,MMR,Myanmar,0.0,84212578.529,84212578.529,32,APAC
IDN,Indonesia,MUS,Mauritius,0.0,0.0,0.0,32,AFR
IDN,Indonesia,MYS,Malaysia,242726147.956,353494231.18,110768083.224,32,APAC
IDN,Indonesia,NER,Niger,38152480.449,38152480.449,0.0,32,AFR
IDN,Indonesia,NGA,Nigeria,1005222.592,1900803.287,895580.695,32,AFR
IDN,Indonesia,NLD,Netherlands,45058736.674,445523296.638,400464559.964,32,EUR
IDN,Indonesia,PHL,Philippines,3051.954,730845.911,727793.958,32,APAC
IDN,Indonesia,SGP,Singapore,458763299.856,686764698.062,228001398.206,32,APAC
IDN,Indonesia,SYC,Seychelles,0.0,0.0,0.0,32,AFR
IDN,Indonesia,THA,Thailand,0.0,26680831.122,26680831.122,32,APAC
IDN,Indonesia,TLS,Timor-Leste,3053947.775,44883518.926,41829571.151,32,APAC
IDN,Indonesia,UKI,UK Caribbean Islands,10029629.733,39123900.143,29094270.409,32,AMR
IDN,Indonesia,USA,United States,381833.859,32302872.843,31921038.984,32,AMR
IDN,Indonesia,VNM,Viet Nam,107350555.237,810697579.322,703347024.085,32,APAC
IDN,Indonesia,ZAF,South Africa,0.0,2795058.896,2795058.896,32,AFR
ITA,Italy,AGO,Angola,1830813242.588,2293588306.439,464516598.675,106,AFR
ITA,Italy,ALB,Albania,7163156.524,73813904.215,66650747.691,106,EUR
ITA,Italy,ARE,United Arab Emirates,160657580.145,1471554005.609,1310896425.463,106,APAC
ITA,Italy,ARG,Argentina,61113818.242,3238571193.697,3193699301.604,106,AMR
ITA,Italy,AUS,Australia,780284687.823,2512946622.876,1732661933.946,106,APAC
ITA,Italy,AUT,Austria,1969930111.149,8164888923.262,6194957706.611,106,EUR
ITA,Italy,BEL,Belgium,3330894866.741,7739969877.319,4409076119.408,106,EUR
ITA,Italy,BGR,Bulgaria,894706276.947,1267445229.73,372738952.783,106,EUR
ITA,Italy,BIH,Bosnia and Herzegovina,-202997.154,107621917.007,107824917.48,106,EUR
ITA,Italy,BMU,Bermuda,14783387.648,14818991.292,35603.644,106,AMR
ITA,Italy,BOL,Bolivia,96983.154,55273029.065,55176045.911,106,AMR
ITA,Italy,BRA,Brazil,1569736975.368,14677557918.247,13160855761.422,106,AMR
ITA,Italy,CAN,Canada,264729532.313,2209001536.239,1944270891.029,106,AMR
ITA,Italy,CHE,Switzerland,1580500073.027,9535878729.04,7974614903.921,106,EUR
ITA,Italy,CHL,Chile,1900707336.504,7695560839.757,5794853501.038,106,AMR
ITA,Italy,CHN,China (People's Republic of),1669622026.665,8089163263.72,6449433327.605,106,APAC
ITA,Italy,CIV,Côte d'Ivoire,0.0,29180574.546,29180574.546,106,AFR
ITA,Italy,COG,Congo,1031711849.678,1521393732.533,489681882.854,106,AFR
ITA,Italy,COL,Colombia,261945249.73,2902255167.298,2640309918.674,106,AMR
ITA,Italy,CRI,Costa Rica,8504953.433,63839785.467,55334832.034,106,AMR
ITA,Italy,CYP,Cyprus,28782582.859,140752817.143,111970233.177,106,EUR
ITA,Italy,CZE,Czech Republic,332868945.302,3191481037.394,2858695023.426,106,EUR
ITA,Italy,DEU,Germany,7062668769.451,45429231681.938,38551483679.842,106,EUR
ITA,Italy,DNK,Denmark,256333216.458,1406724366.988,1150393363.747,106,EUR
ITA,Italy,DOM,Dominican Republic,1867949.334,20280919.373,18412972.252,106,AMR
ITA,Italy,DZA,Algeria,668931778.236,2015340471.494,1346408693.258,106,AFR
ITA,Italy,ECU,Ecuador,124615828.382,430753429.893,306137601.512,106,AMR
ITA,Italy,EGY,Egypt,189632139.074,2842287734.43,2652655595.356,106,AFR
ITA,Italy,ESP,Spain,8926801646.562,41136534877.056,32165287190.412,106,EUR
ITA,Italy,EST,Estonia,31827484.298,77414430.021,45586945.723,106,EUR
ITA,Italy,ETH,Ethiopia,453732.655,848097795.573,847644062.918,106,AFR
ITA,Italy,FIN,Finland,209630196.913,916205002.503,706574805.589,106,EUR
ITA,Italy,FRA,France,5295045953.004,38638912610.601,33344781740.907,106,EUR
ITA,Italy,GBR,United Kingdom,13362921761.979,35928626724.535,22590415386.1,106,EUR
ITA,Italy,GEO,Georgia,2608275.842,91112130.136,88503854.295,106,APAC
ITA,Italy,GRC,Greece,114316275.618,1253147981.274,1138831707.869,106,EUR
ITA,Italy,GTM,Guatemala,67664890.825,265299039.903,197634150.185,106,AMR
ITA,Italy,HKG,"Hong Kong, China",2498333505.521,11394736820.311,8896402209.289,106,APAC
ITA,Italy,HND,Honduras,295026.121,49581169.097,49286142.976,106,AMR
ITA,Italy,HRV,Croatia,394601950.34,1491100483.294,1096498530.741,106,EUR
ITA,Italy,HUN,Hungary,241835533.603,2257092353.797,2016810726.256,106,EUR
ITA,Italy,IDN,Indonesia,561390333.801,1169220384.249,607828944.946,106,APAC
ITA,Italy,IND,India,354270605.849,1572355920.603,1223135888.451,106,APAC
ITA,Italy,IRL,Ireland,1751646460.707,5861993633.25,4110348005.819,106,EUR
ITA,Italy,IRN,Iran,565522.229,4558218.213,3992696.537,106,APAC
ITA,Italy,IRQ,Iraq,816389492.993,873921926.343,57532433.35,106,APAC
ITA,Italy,ISR,Israel,4621926.762,174845041.791,170223115.03,106,APAC
ITA,Italy,ITA,Italy,121037580205.15,496991542532.21,376607316341.83,106,EUR
ITA,Italy,JOR,Jordan,10566112.155,51832124.514,41266012.359,106,APAC
ITA,Italy,JPN,Japan,2757913507.001,7640677439.155,4882763662.034,106,APAC
ITA,Italy,KAZ,Kazakhstan,677318390.748,3489712588.063,2812394198.422,106,APAC
ITA,Italy,KEN,Kenya,111769.655,2461415.632,2349644.87,106,AFR
ITA,Italy,KOR,Korea,39193165.595,521753697.671,482560530.97,106,APAC
ITA,Italy,KWT,Kuwait,1125824.587,142802987.244,141677162.657,106,APAC
ITA,Italy,LBY,Libya,204514700.703,3481573760.424,3277059059.721,106,AFR
ITA,Italy,LTU,Lithuania,33833.443,61197282.986,61163449.543,106,EUR
ITA,Italy,LUX,Luxembourg,1682371558.576,6290528413.728,4607645292.359,106,EUR
ITA,Italy,LVA,Latvia,6342814.487,11514672.439,5171857.952,106,EUR
ITA,Italy,MAC,"Macau, China",10073094.561,117939212.029,107866116.361,106,APAC
ITA,Italy,MAR,Morocco,6512497.33,63821066.848,57308567.202,106,AFR
ITA,Italy,MCO,Monaco,43304243.263,356312617.671,313008374.408,106,EUR
ITA,Italy,MDA,Moldova,1039283.389,24987192.928,23947909.539,106,EUR
ITA,Italy,MEX,Mexico,626121841.12,2411966700.545,1792822110.229,106,AMR
ITA,Italy,MLT,Malta,28558398.397,33096459.739,4538061.342,106,EUR
ITA,Italy,MNE,Montenegro,76659400.365,394585699.345,317926298.98,106,EUR
ITA,Italy,MOZ,Mozambique,1929168.018,75658672.631,73729503.507,106,AFR
ITA,Italy,MYS,Malaysia,117219290.031,596615431.235,479396140.99,106,APAC
ITA,Italy,NAM,Namibia,834155.07,87547422.001,86713265.824,106,AFR
ITA,Italy,NGA,Nigeria,1015987736.487,2257840092.191,1241852356.811,106,AFR
ITA,Italy,NIC,Nicaragua,195153.453,17359367.998,17164214.545,106,AMR
ITA,Italy,NLD,Netherlands,3274095765.271,8168705306.359,4894901973.397,106,EUR
ITA,Italy,NOR,Norway,1764635363.759,3587786960.021,1823151596.263,106,EUR
ITA,Italy,NZL,New Zealand,14538465.358,162525559.761,147987093.296,106,APAC
ITA,Italy,OAFR,Other Africa,17718164.299,142826455.457,125108291.158,106,AFR
ITA,Italy,OAMR,Other Americas,2370747.896,65736837.493,63366089.597,106,AMR
ITA,Italy,OASIAOCN,Other Asia,407534652.444,1371033022.962,963498369.519,106,APAC
ITA,Italy,OMN,Oman,1583661.653,632401414.124,630817752.471,106,APAC
ITA,Italy,OEUR,Other Europe,61583715.393,519010444.025,457426729.739,106,EUR
ITA,Italy,PAK,Pakistan,9486476.367,223764530.344,214278052.976,106,APAC
ITA,Italy,PAN,Panama,16016936.143,372642680.815,356625745.779,106,AMR
ITA,Italy,PER,Peru,242592099.718,1846114471.673,1603522375.274,106,AMR
ITA,Italy,PHL,Philippines,13401557.725,356380618.917,342979060.177,106,APAC
ITA,Italy,POL,Poland,775589375.773,4058403044.064,3282813668.544,106,EUR
ITA,Italy,PRI,Puerto Rico,1789194.232,16832208.807,15043013.468,106,AMR
ITA,Italy,PRT,Portugal,340860472.226,2947742417.682,2656900951.972,106,EUR
ITA,Italy,QAT,Qatar,303648906.873,1098548682.413,794909206.057,106,APAC
ITA,Italy,ROU,Romania,1165257003.322,3457857144.372,2298167742.095,106,EUR
ITA,Italy,RUS,Russia,610567200.192,4617813711.359,4007234336.277,106,APAC
ITA,Italy,SAU,Saudi Arabia,993499786.388,3928007520.55,2934507734.162,106,APAC
ITA,Italy,SGP,Singapore,3569389661.517,10984831755.158,7415440986.033,106,APAC
ITA,Italy,SLV,El Salvador,1049830.473,13324769.43,12274938.957,106,AMR
ITA,Italy,SRB,Serbia,211188623.982,924535714.899,713347088.703,106,EUR
ITA,Italy,SVK,Slovak Republic,494525560.852,3227597626.352,2733072065.5,106,EUR
ITA,Italy,SVN,Slovenia,27502425.133,553558947.39,526056522.257,106,EUR
ITA,Italy,SWE,Sweden,357745396.598,1440738984.75,1082992483.757,106,EUR
ITA,Italy,THA,Thailand,45315917.335,631535612.137,586220802.517,106,APAC
ITA,Italy,TUN,Tunisia,253831999.441,439637939.638,185805941.304,106,AFR
ITA,Italy,TUR,Turkey,580142247.191,3147513801.309,2567372660.28,106,APAC
ITA,Italy,TWN,Chinese Taipei,50852967.573,341834973.319,290982005.746,106,APAC
ITA,Italy,UKI,UK Caribbean Islands,72965813.558,105657972.58399999,32692159.027,106,AMR
ITA,Italy,UKR,Ukraine,12699966.42,189722131.378,177022162.745,106,EUR
ITA,Italy,URY,Uruguay,164543.806,17639465.2,17474921.394,106,AMR
ITA,Italy,USA,United States,7424144857.396,34690159104.228,27337832795.897,106,AMR
ITA,Italy,VEN,Venezuela,56818444.121,444970829.443,388152386.429,106,AMR
ITA,Italy,VNM,Viet Nam,265472777.318,613303730.014,347830951.589,106,APAC
ITA,Italy,ZAF,South Africa,121924537.287,650807251.654,528882713.26,106,AFR
JPN,Japan,AMER,America (Continent),15255773486.76,86747667105.603,71488136326.174,32,AMR
JPN,Japan,ASIAT,Asia,24011807411.556,96214132226.109,72204040045.215,32,APAC
JPN,Japan,AUS,Australia,9785584758.949,63491041629.359,53705244367.829,32,APAC
JPN,Japan,AUT,Austria,1729850661.348,5133731481.6,3403861367.733,32,EUR
JPN,Japan,BEL,Belgium,33634115967.291,54916908470.305,20792207825.264,32,EUR
JPN,Japan,BRA,Brazil,5338451726.767,31018394248.814,25679895563.258,32,AMR
JPN,Japan,CAN,Canada,36341795356.878,66889022570.728,30547181254.949,32,AMR
JPN,Japan,CHE,Switzerland,28829000891.45,38689382865.471,9860371782.198,32,EUR
JPN,Japan,CHN,China (People's Republic of),122059792659.07,316994396637.78,194938273393.3,32,APAC
JPN,Japan,DEU,Germany,24294644208.585,90983567138.101,66663843150.497,32,EUR
JPN,Japan,FRA,France,11222155559.619,37706459458.771,26619750901.471,32,EUR
JPN,Japan,GBR,United Kingdom,44044708243.904,119110878037.28,75066128654.603,32,EUR
JPN,Japan,GRPS,Other Groups,39708310960.095,130273237778.76,99804659837.385,32,OTHER_GROUPS
JPN,Japan,HKG,"Hong Kong, China",30801506948.399,93620923619.045,62128377348.478,32,APAC
JPN,Japan,IDN,Indonesia,28554737457.457,252674085656.34,224119991133.21,32,APAC
JPN,Japan,IRL,Ireland,3769185088.636,8380850206.479,4611628360.5,32,EUR
JPN,Japan,ITA,Italy,4484642718.211,22341625577.511,17856929259.543,32,EUR
JPN,Japan,JPN,Japan,1535437074877.6,5368300142343.9,3838466234850.6,32,APAC
JPN,Japan,KOR,Korea,14334274011.115,88752177422.165,74417812492.157,32,APAC
JPN,Japan,LUX,Luxembourg,882295390.395,2149323232.999,1267018650.819,32,EUR
JPN,Japan,LVA,Latvia,8715127.96,95266299.396,86541979.66,32,EUR
JPN,Japan,MEX,Mexico,26095050157.996,53264581839.671,27169522338.851,32,AMR
JPN,Japan,MYS,Malaysia,13705521761.614,37363411987.268,23657552142.388,32,APAC
JPN,Japan,NLD,Netherlands,16106280289.933,55385901045.364,38936368350.817,32,EUR
JPN,Japan,NZL,New Zealand,2011077919.252,8837614741.601,6826499055.98,32,APAC
JPN,Japan,SGP,Singapore,38822883733.103,113997179197.0,74852590312.915,32,APAC
JPN,Japan,SWE,Sweden,3003125599.661,7947383219.841,4944220862.22,32,EUR
JPN,Japan,THA,Thailand,84447051528.831,172419845515.94,87971056860.806,32,APAC
JPN,Japan,TWN,Chinese Taipei,11699421180.594,47807078824.37,36105837206.386,32,APAC
JPN,Japan,USA,United States,271145656157.01,944834931868.68,673689275711.67,32,AMR
JPN,Japan,VNM,Viet Nam,13439492374.842,308363139469.99,294923438168.59,32,APAC
JPN,Japan,ZAF,South Africa,1788058769.496,11557888688.605,9769794151.903,32,AFR
LUX,Luxembourg,ARE,United Arab Emirates,1007694544.103,4362053218.237,3354358674.134,83,APAC
LUX,Luxembourg,ARG,Argentina,698137707.754,5371268031.137,4673130323.383,83,AMR
LUX,Luxembourg,AUS,Australia,478568667.862,2518488314.725,2039919646.863,83,APAC
LUX,Luxembourg,AUT,Austria,1004053691.836,2906607545.651,1902553853.814,83,EUR
LUX,Luxembourg,BEL,Belgium,11782016662.276,22211268287.463,10429251625.186,83,EUR
LUX,Luxembourg,BGR,Bulgaria,23307029.517,86098560.818,62791531.301,83,EUR
LUX,Luxembourg,BIH,Bosnia and Herzegovina,60681524.248,380311967.325,319630443.076,83,EUR
LUX,Luxembourg,BMU,Bermuda,283377367.0,1205065519.0,921688152.0,83,AMR
LUX,Luxembourg,BRA,Brazil,2526873394.878,11674869104.149,9147995709.272,83,AMR
LUX,Luxembourg,CAN,Canada,3103789142.871,9814798406.659,6711009263.788,83,AMR
LUX,Luxembourg,CHE,Switzerland,21307464288.42,97074228236.031,75766763947.611,83,EUR
LUX,Luxembourg,CHL,Chile,25016748.564,803796239.118,778779490.554,83,AMR
LUX,Luxembourg,CHN,China (People's Republic of),1587049714.046,5956693199.362,4369643485.316,83,APAC
LUX,Luxembourg,CIV,Côte d'Ivoire,302272567.185,320417838.044,18145270.859,83,AFR
LUX,Luxembourg,COL,Colombia,239850014.038,2567794111.229,2327944097.191,83,AMR
LUX,Luxembourg,CRI,Costa Rica,33617382.747,321852965.026,288235582.279,83,AMR
LUX,Luxembourg,CYP,Cyprus,461599327.009,552580138.233,90980811.224,83,EUR
LUX,Luxembourg,CZE,Czech Republic,1106367460.189,2945878008.254,1839510548.065,83,EUR
LUX,Luxembourg,DEU,Germany,14124005737.24,44251028207.52,30127022470.279,83,EUR
LUX,Luxembourg,DNK,Denmark,143272985.231,1192164906.282,1048891921.051,83,EUR
LUX,Luxembourg,DOM,Dominican Republic,21650803.842,68980801.088,47329997.246,83,AMR
LUX,Luxembourg,ECU,Ecuador,49939545.354,404247262.886,354307717.532,83,AMR
LUX,Luxembourg,EGY,Egypt,16396176.917,459185899.138,442789722.221,83,AFR
LUX,Luxembourg,ESP,Spain,6816958182.165,16413107225.555,9596149043.39,83,EUR
LUX,Luxembourg,EST,Estonia,3533990.503,48503105.679,44969115.177,83,EUR
LUX,Luxembourg,FIN,Finland,84886903.6,2950315374.328,2865428470.728,83,EUR
LUX,Luxembourg,FRA,France,18821458577.218,39600853426.788,20779394849.571,83,EUR
LUX,Luxembourg,GBR,United Kingdom,4674516130.201,24199923368.46,19525407238.259,83,EUR
LUX,Luxembourg,GHA,Ghana,16075171.683,454103547.792,438028376.109,83,AFR
LUX,Luxembourg,GRC,Greece,21477072.309,327243746.148,305766673.839,83,EUR
LUX,Luxembourg,GTM,Guatemala,167955922.32,1589674966.962,1421719044.642,83,AMR
LUX,Luxembourg,HKG,"Hong Kong, China",1361629635.642,3148195111.012,1786565475.37,83,APAC
LUX,Luxembourg,HRV,Croatia,54647550.701,281501783.359,226854232.658,83,EUR
LUX,Luxembourg,HUN,Hungary,194219153.527,718783482.999,524564329.472,83,EUR
LUX,Luxembourg,IDN,Indonesia,160703522.165,578762456.281,418058934.116,83,APAC
LUX,Luxembourg,IND,India,1007174668.411,5899028689.871,4891854021.46,83,APAC
LUX,Luxembourg,IRL,Ireland,1623023341.2,2737239149.639,1114215808.439,83,EUR
LUX,Luxembourg,ISR,Israel,15599355.236,114090380.348,98491025.112,83,APAC
LUX,Luxembourg,ITA,Italy,7980314202.527,23947863848.456,15967549645.929,83,EUR
LUX,Luxembourg,JPN,Japan,152406757.706,1923882849.739,1771476092.033,83,APAC
LUX,Luxembourg,KAZ,Kazakhstan,1696026967.78,4972998901.88,3276971934.1,83,APAC
LUX,Luxembourg,KEN,Kenya,4943230.861,18864124.164,13920893.303,83,AFR
LUX,Luxembourg,KOR,Korea,42420768.585,760708450.194,718287681.609,83,APAC
LUX,Luxembourg,LTU,Lithuania,628444.326,30127508.901,29499064.575,83,EUR
LUX,Luxembourg,LUX,Luxembourg,57595473787.02,80013624146.153,22418150359.132,83,EUR
LUX,Luxembourg,LVA,Latvia,6285535.54,16372318.18,10086782.639,83,EUR
LUX,Luxembourg,MAR,Morocco,84504585.854,510708669.033,426204083.179,83,AFR
LUX,Luxembourg,MEX,Mexico,4263661453.102,13429663332.918,9166001879.816,83,AMR
LUX,Luxembourg,MOZ,Mozambique,822713.0,1362992.0,540279.0,83,AFR
LUX,Luxembourg,MUS,Mauritius,389294354.983,501357512.79,112063157.807,83,AFR
LUX,Luxembourg,MYS,Malaysia,451541253.373,1643354630.391,1191813377.018,83,APAC
LUX,Luxembourg,NGA,Nigeria,101494485.862,1254281306.486,1152786820.624,83,AFR
LUX,Luxembourg,NLD,Netherlands,4352463542.819,14511364159.792,10158900616.973,83,EUR
LUX,Luxembourg,NOR,Norway,256382105.059,1537646383.697,1281264278.639,83,EUR
LUX,Luxembourg,NZL,New Zealand,230373620.519,333188499.486,102814878.967,83,APAC
LUX,Luxembourg,OAFR,Other Africa,1336776189.265,2775559686.95,1438783497.685,83,AFR
LUX,Luxembourg,OAMR,Other Americas,403402464.3,3260619785.498,2857217321.199,83,AMR
LUX,Luxembourg,OASIAOCN,Other Asia,9220294057.066,16259694597.794,7039400540.728,83,APAC
LUX,Luxembourg,OEUR,Other Europe,544110607.206,816951454.111,272840846.905,83,EUR
LUX,Luxembourg,PAN,Panama,92250431.572,236579919.028,144329487.456,83,AMR
LUX,Luxembourg,PER,Peru,46946954.585,660081805.756,613134851.171,83,AMR
LUX,Luxembourg,PHL,Philippines,234122109.016,323326477.331,89204368.315,83,APAC
LUX,Luxembourg,POL,Poland,2945845067.774,8093814199.472,5147969131.698,83,EUR
LUX,Luxembourg,PRT,Portugal,287910198.941,1229455759.981,941545561.04,83,EUR
LUX,Luxembourg,QAT,Qatar,1706515.725,16525119.575,14818603.85,83,APAC
LUX,Luxembourg,ROU,Romania,1199706168.165,1687018759.334,487312591.168,83,EUR
LUX,Luxembourg,RUS,Russia,572361090.355,5526830651.398,4954469561.042,83,APAC
LUX,Luxembourg,SAU,Saudi Arabia,6665764.78,172409849.374,165744084.594,83,APAC
LUX,Luxembourg,SGP,Singapore,4923476369.303,31778046207.503,26854569838.199,83,APAC
LUX,Luxembourg,SRB,Serbia,23119170.484,122720784.38,99601613.896,83,EUR
LUX,Luxembourg,SVK,Slovak Republic,81141554.467,461537991.2,380396436.733,83,EUR
LUX,Luxembourg,SVN,Slovenia,21910239.085,163236553.071,141326313.987,83,EUR
LUX,Luxembourg,SWE,Sweden,3266768605.065,7204622051.926,3937853446.861,83,EUR
LUX,Luxembourg,THA,Thailand,25310598.593,631028738.167,605718139.574,83,APAC
LUX,Luxembourg,TUR,Turkey,552254053.262,2485643825.957,1933389772.695,83,APAC
LUX,Luxembourg,TWN,Chinese Taipei,105483363.465,243298872.083,137815508.617,83,APAC
LUX,Luxembourg,UKI,UK Caribbean Islands,339988437.0,1478177137.0,1138188700.0,83,AMR
LUX,Luxembourg,UKR,Ukraine,6145944060.601,9232326558.227,3086382497.626,83,EUR
LUX,Luxembourg,URY,Uruguay,2778439105.826,3673558566.728,895119460.901,83,AMR
LUX,Luxembourg,USA,United States,17168791254.471,118435154952.53,101266363698.06,83,AMR
LUX,Luxembourg,VEN,Venezuela,438054.772,120909836.493,120471781.721,83,AMR
LUX,Luxembourg,VNM,Viet Nam,63059662.363,231257690.089,168198027.727,83,APAC
LUX,Luxembourg,ZAF,South Africa,633702132.518,3797832623.666,3164130491.148,83,AFR
MEX,Mexico,AND,Andorra,0.0,23176.792,23176.792,101,EUR
MEX,Mexico,ANT,Netherlands Antilles,23833.348,40179.9,16346.552,101,AMR
MEX,Mexico,ARE,United Arab Emirates,869252.748,30039028.061,29169775.312,101,APAC
MEX,Mexico,ARG,Argentina,462590509.442,7353887946.522,6891297437.08,101,AMR
MEX,Mexico,AUS,Australia,241033.109,116438541.51,116197508.402,101,APAC
MEX,Mexico,AUT,Austria,79851971.709,2112224366.423,2032372394.714,101,EUR
MEX,Mexico,BEL,Belgium,79040550.595,314063826.383,235023275.788,101,EUR
MEX,Mexico,BGD,Bangladesh,411499.518,2114947.633,1703448.116,101,APAC
MEX,Mexico,BGR,Bulgaria,3387100.215,263652832.847,260265732.631,101,EUR
MEX,Mexico,BHS,Bahamas,10048.297,475857.171,465808.874,101,AMR
MEX,Mexico,BIH,Bosnia and Herzegovina,377946.097,1558700.443,1180754.346,101,EUR
MEX,Mexico,BLR,Belarus,665743.419,203930376.771,203264633.353,101,EUR
MEX,Mexico,BLZ,Belize,0.0,63482.013,63482.013,101,AMR
MEX,Mexico,BMU,Bermuda,852341.742,7795644.57,6943302.828,101,AMR
MEX,Mexico,BOL,Bolivia,316426.992,50784013.165,50467586.173,101,AMR
MEX,Mexico,BRA,Brazil,223725113.017,16351264586.527,16127539473.509,101,AMR
MEX,Mexico,BRB,Barbados,4832603.466,5237875.185,405271.719,101,AMR
MEX,Mexico,CAN,Canada,15453126.531,665507249.03,650054122.5,101,AMR
MEX,Mexico,CHE,Switzerland,37909119.73,390054405.37,352145285.64,101,EUR
MEX,Mexico,CHL,Chile,1856215633.834,11888917455.694,10032701821.86,101,AMR
MEX,Mexico,CHN,China (People's Republic of),11392656.646,392501101.928,381108445.282,101,APAC
MEX,Mexico,COL,Colombia,619171696.816,49963480565.224,49344308868.408,101,AMR
MEX,Mexico,CRI,Costa Rica,621478662.777,4194831864.578,3573353201.8,101,AMR
MEX,Mexico,CYP,Cyprus,0.0,0.0,0.0,101,EUR
MEX,Mexico,CZE,Czech Republic,15900192.268,208825448.806,192925256.538,101,EUR
MEX,Mexico,DEU,Germany,312249487.219,1818279123.27,1506029636.052,101,EUR
MEX,Mexico,DNK,Denmark,40426962.16,366744843.846,326317881.686,101,EUR
MEX,Mexico,DOM,Dominican Republic,36833048.296,1349944965.185,1313111916.888,101,AMR
MEX,Mexico,ECU,Ecuador,85169906.464,2677670081.269,2592500174.805,101,AMR
MEX,Mexico,EGY,Egypt,450429.743,10981077.499,10530647.756,101,AFR
MEX,Mexico,ESP,Spain,4487417107.227,14321950048.659,9834532941.433,101,EUR
MEX,Mexico,EST,Estonia,56464.89,4396511.334,4340046.444,101,EUR
MEX,Mexico,FIN,Finland,1758692.478,17307348.768,15548656.29,101,EUR
MEX,Mexico,FRA,France,90782034.418,726154230.122,635372195.704,101,EUR
MEX,Mexico,GBR,United Kingdom,97545292.373,823721344.757,726176052.383,101,EUR
MEX,Mexico,GIB,Gibraltar,0.0,0.0,0.0,101,EUR
MEX,Mexico,GLP,Guadeloupe,0.0,0.0,0.0,101,AMR
MEX,Mexico,GTM,Guatemala,100993005.501,1680064640.28,1579071634.779,101,AMR
MEX,Mexico,HKG,"Hong Kong, China",0.0,0.0,0.0,101,APAC
MEX,Mexico,HND,Honduras,33473422.328,563027765.487,529554343.16,101,AMR
MEX,Mexico,HRV,Croatia,9893469.507,268839640.736,258946171.228,101,EUR
MEX,Mexico,HTI,Haiti,137683.292,2901317.282,2763633.99,101,AMR
MEX,Mexico,HUN,Hungary,335239436.95,585168489.48,249929052.531,101,EUR
MEX,Mexico,IDN,Indonesia,0.0,0.0,0.0,101,APAC
MEX,Mexico,IND,India,263524.573,132490745.894,132227221.322,101,APAC
MEX,Mexico,IRL,Ireland,140077657.137,230405927.757,90328270.62,101,EUR
MEX,Mexico,IRN,Iran,0.0,0.0,0.0,101,APAC
MEX,Mexico,ISR,Israel,6753353.518,52249426.174,45496072.657,101,APAC
MEX,Mexico,ITA,Italy,102333438.092,409113870.983,306780432.891,101,EUR
MEX,Mexico,JAM,Jamaica,52592.795,775240.826,722648.031,101,AMR
MEX,Mexico,JOR,Jordan,0.0,0.0,0.0,101,APAC
MEX,Mexico,JPN,Japan,18427803.046,152499098.437,134071295.391,101,APAC
MEX,Mexico,KOR,Korea,0.0,4191862.059,4191862.059,101,APAC
MEX,Mexico,KWT,Kuwait,0.0,0.0,0.0,101,APAC
MEX,Mexico,LBN,Lebanon,0.0,0.0,0.0,101,APAC
MEX,Mexico,LCA,Saint Lucia,589091.011,1126412.36,537321.349,101,AMR
MEX,Mexico,LKA,Sri Lanka,0.0,0.0,0.0,101,APAC
MEX,Mexico,LTU,Lithuania,6358389.471,19719532.453,13361142.981,101,EUR
MEX,Mexico,LUX,Luxembourg,5807954.81,5810172.871,2218.062,101,EUR
MEX,Mexico,LVA,Latvia,1668042.579,6809134.205,5141091.626,101,EUR
MEX,Mexico,MAR,Morocco,0.0,0.0,0.0,101,AFR
MEX,Mexico,MEX,Mexico,316647877484.06,555830660018.43,239182782534.37,101,AMR
MEX,Mexico,MKD,North Macedonia,553199.085,38654407.799,38101208.714,101,EUR
MEX,Mexico,MNE,Montenegro,242.82,678801.243,678558.424,101,EUR
MEX,Mexico,MYS,Malaysia,42761.761,16613007.121,16570245.36,101,APAC
MEX,Mexico,NGA,Nigeria,4539.313,4539.313,0.0,101,AFR
MEX,Mexico,NIC,Nicaragua,105689725.609,855924058.017,750234332.408,101,AMR
MEX,Mexico,NLD,Netherlands,1676451023.92,2264376570.887,587925546.967,101,EUR
MEX,Mexico,NOR,Norway,4898070.471,73177843.565,68279773.093,101,EUR
MEX,Mexico,NZL,New Zealand,0.0,0.0,0.0,101,APAC
MEX,Mexico,OMN,Oman,49600.52,11838191.89,11788591.37,101,APAC
MEX,Mexico,PAN,Panama,173668920.219,870599930.713,696931010.494,101,AMR
MEX,Mexico,PER,Peru,83852853.242,5196054267.719,5112201414.477,101,AMR
MEX,Mexico,PHL,Philippines,1834255.251,29366668.878,27532413.627,101,APAC
MEX,Mexico,PNG,Papua New Guinea,0.0,0.0,0.0,101,APAC
MEX,Mexico,POL,Poland,108301257.363,423466540.816,315165283.453,101,EUR
MEX,Mexico,PRI,Puerto Rico,1822659.059,1068655567.765,1066832908.706,101,AMR
MEX,Mexico,PRT,Portugal,45748722.371,142772264.178,97023541.807,101,EUR
MEX,Mexico,PRY,Paraguay,3799627.4,2550439311.659,2546639684.258,101,AMR
MEX,Mexico,ROU,Romania,697202.868,704639.086,7436.218,101,EUR
MEX,Mexico,RUS,Russia,295.541,71037491.703,71037196.162,101,APAC
MEX,Mexico,SAU,Saudi Arabia,0.0,0.0,0.0,101,APAC
MEX,Mexico,SGP,Singapore,352448609.757,379278348.501,26829738.745,101,APAC
MEX,Mexico,SLV,El Salvador,95219337.227,631720700.761,536501363.533,101,AMR
MEX,Mexico,SRB,Serbia,5863012.698,128654779.905,122791767.207,101,EUR
MEX,Mexico,SVK,Slovak Republic,3164442.049,128378086.92,125213644.871,101,EUR
MEX,Mexico,SVN,Slovenia,3255010.83,137747819.959,134492809.129,101,EUR
MEX,Mexico,SWE,Sweden,10155987.922,86851969.387,76695981.465,101,EUR
MEX,Mexico,TGO,Togo,0.0,0.0,0.0,101,AFR
MEX,Mexico,THA,Thailand,0.0,1613058.771,1613058.771,101,APAC
MEX,Mexico,TTO,Trinidad and Tobago,0.0,0.0,0.0,101,AMR
MEX,Mexico,TUR,Turkey,1917500.651,117305096.185,115387595.535,101,APAC
MEX,Mexico,TWN,Chinese Taipei,29450626.288,42068255.091,12617628.803,101,APAC
MEX,Mexico,UKI,UK Caribbean Islands,2135460.535,19438997.538,17303537.003,101,AMR
MEX,Mexico,UKR,Ukraine,7333993.045,30576893.986,23242900.941,101,EUR
MEX,Mexico,URY,Uruguay,14964467.593,226815286.359,211850818.766,101,AMR
MEX,Mexico,USA,United States,2450335410.202,28818735820.577,26368400410.375,101,AMR
MEX,Mexico,VEN,Venezuela,22659960.332,3252388991.136,3229729030.804,101,AMR
MEX,Mexico,VNM,Viet Nam,0.0,0.0,0.0,101,APAC
MEX,Mexico,YEM,Yemen,0.0,0.0,0.0,101,APAC
MEX,Mexico,ZAF,South Africa,388.072,12964456.589,12964068.517,101,AFR
NOR,Norway,AFRIC,Africa,2904515000.0,4290923000.0,1386408000.0,5,AFR
NOR,Norway,AMER,America (Continent),9416627000.0,32853364000.0,23436737000.0,5,AMR
NOR,Norway,ASIAT,Asia,5360060000.0,21662923000.0,16302863000.0,5,APAC
NOR,Norway,EUROP,Europe,19081826000.0,77630956000.0,58186286000.0,5,EUR
NOR,Norway,NOR,Norway,45100150000.0,189622320000.0,144140847000.0,5,EUR
POL,Poland,GRPS,Other Groups,358805250.231,2950364437.556,2591559187.072,6,OTHER_GROUPS
POL,Poland,OEUR,Other Europe,5261735041.176,20743819311.687,15482084270.511,6,EUR
POL,Poland,POL,Poland,30750302878.774,100745003317.33,69994700438.299,6,EUR
POL,Poland,ROU,Romania,107927328.27,613350311.248,505422982.478,6,EUR
POL,Poland,RUS,Russia,151503965.741,815430796.975,663926831.234,6,APAC
POL,Poland,SVK,Slovak Republic,8931590.047,599538593.088,590607003.295,6,EUR
SGP,Singapore,CHN,China (People's Republic of),23461611664.0,55688018299.0,32226406634.0,16,APAC
SGP,Singapore,HKG,"Hong Kong, China",3638741838.0,7740627991.0,4101886155.0,16,APAC
SGP,Singapore,IDN,Indonesia,14717801538.0,25560669350.0,10842867813.0,16,APAC
SGP,Singapore,IND,India,1192372144.0,3884248133.0,2691875991.0,16,APAC
SGP,Singapore,KOR,Korea,-74453851.0,547006167.0,621460018.0,16,APAC
SGP,Singapore,MYS,Malaysia,7084976389.0,16900975340.0,9815998956.0,16,APAC
SGP,Singapore,NLD,Netherlands,944310887.0,2353257670.0,1408946784.0,16,EUR
SGP,Singapore,OAFR,Other Africa,2663352016.0,6060708059.0,3397356045.0,16,AFR
SGP,Singapore,OAMR,Other Americas,1837087863.0,3681775090.0,1844687230.0,16,AMR
SGP,Singapore,OASIAOCN,Other Asia,2817760957.0,16335780244.0,13518019283.0,16,APAC
SGP,Singapore,OEUR,Other Europe,1748817285.0,11353239237.0,9604421953.0,16,EUR
SGP,Singapore,PHL,Philippines,265754760.0,624803931.0,359049173.0,16,APAC
SGP,Singapore,SGP,Singapore,27796667431.0,132790682762.0,104994015335.0,16,APAC
SGP,Singapore,THA,Thailand,79856490.0,1363297639.0,1283441149.0,16,APAC
SGP,Singapore,UKI,UK Caribbean Islands,230248948.0,734127626.0,503878678.0,16,AMR
SGP,Singapore,USA,United States,1064130048.0,6884874944.0,5820744899.0,16,AMR
SVN,Slovenia,BIH,Bosnia and Herzegovina,117574415.0,425894370.0,308319952.0,6,EUR
SVN,Slovenia,GRPS,Other Groups,529662280.0,2047408335.0,1517746030.0,6,OTHER_GROUPS
SVN,Slovenia,HRV,Croatia,269181933.0,932948009.0,663766076.0,6,EUR
SVN,Slovenia,MKD,North Macedonia,46825748.0,126931778.0,80106029.0,6,EUR
SVN,Slovenia,SRB,Serbia,413072721.0,739123604.0,326050877.0,6,EUR
SVN,Slovenia,SVN,Slovenia,2440498863.0,10657325836.0,8241255642.0,6,EUR
SWE,Sweden,AFRIC,Africa,4596470149.488,9991469018.365,5394998869.111,5,AFR
SWE,Sweden,AMER,America (Continent),30743459658.315,133182438517.71,102438978859.16,5,AMR
SWE,Sweden,ASIAT,Asia,70546583704.999,161244811590.84,90698227888.877,5,APAC
SWE,Sweden,EUROP,Europe,108088058810.3,348793525978.83,240705467167.47,5,EUR
SWE,Sweden,SWE,Sweden,86007128642.732,240378746470.48,154371617827.28,5,EUR
USA,United States,ABW,Aruba,251287953.0,611512932.0,360224979.0,140,AMR
USA,United States,AGO,Angola,4837765410.0,5987970691.0,1150205281.0,140,AFR
USA,United States,ALB,Albania,3115111.0,23890890.0,20775779.0,140,EUR
USA,United States,ARE,United Arab Emirates,9294269844.0,28633908563.0,19339638719.0,140,APAC
USA,United States,ARG,Argentina,8436916440.0,33395306816.0,24958390377.0,140,AMR
USA,United States,ARM,Armenia,31969704.0,34405746.0,2436042.0,140,APAC
USA,United States,AUS,Australia,19782950682.0,114224661226.0,94441710544.0,140,APAC
USA,United States,AUT,Austria,3692332996.0,17017683903.0,13325350907.0,140,EUR
USA,United States,AZE,Azerbaijan,19014123.0,1408780229.0,1389766106.0,140,APAC
USA,United States,BEL,Belgium,71632254002.0,125705180949.0,54072926947.0,140,EUR
USA,United States,BGD,Bangladesh,16906050.0,1294792118.0,1277886068.0,140,APAC
USA,United States,BGR,Bulgaria,861445567.0,2484572936.0,1623127369.0,140,EUR
USA,United States,BHR,Bahrain,695247257.0,1421750519.0,726503262.0,140,APAC
USA,United States,BHS,Bahamas,15090141560.0,16759006160.0,1668864600.0,140,AMR
USA,United States,BIH,Bosnia and Herzegovina,12024842.0,93655683.0,81630841.0,140,EUR
USA,United States,BLR,Belarus,55617037.0,158757553.0,103140516.0,140,EUR
USA,United States,BMU,Bermuda,65875412371.0,76159489311.0,10284076940.0,140,AMR
USA,United States,BOL,Bolivia,218602926.0,752227081.0,533624155.0,140,AMR
USA,United States,BRA,Brazil,21894347981.0,141564705987.0,119670358006.0,140,AMR
USA,United States,BRB,Barbados,8508330063.0,8677786619.0,169456556.0,140,AMR
USA,United States,BRN,Brunei Darussalam,5874987.0,193458292.0,187583305.0,140,APAC
USA,United States,BWA,Botswana,8630334.0,276754742.0,268124408.0,140,AFR
USA,United States,CAN,Canada,94130628152.0,360772579170.0,266641951018.0,140,AMR
USA,United States,CHE,Switzerland,165027536279.0,296172949494.0,131145413215.0,140,EUR
USA,United States,CHL,Chile,4678723707.0,28809345090.0,24130621383.0,140,AMR
USA,United States,CHN,China (People's Republic of),88593913461.0,253508913118.0,164914999657.0,140,APAC
USA,United States,CIV,Côte d'Ivoire,974604214.0,1195210848.0,220606634.0,140,AFR
USA,United States,CMR,Cameroon,6461430.0,86250356.0,79788926.0,140,AFR
USA,United States,COG,Congo,357560929.0,507627605.0,150066676.0,140,AFR
USA,United States,COL,Colombia,4551550288.0,20301200832.0,15749650544.0,140,AMR
USA,United States,CRI,Costa Rica,4685525427.0,9421735629.0,4736210202.0,140,AMR
USA,United States,CUW,Curacao,286720869.0,628451612.0,341730743.0,140,AMR
USA,United States,CYP,Cyprus,509819676.0,1031617602.0,521797926.0,140,EUR
USA,United States,CZE,Czech Republic,5644022084.0,13940665283.0,8296643199.0,140,EUR
USA,United States,DEU,Germany,119650489647.0,298770740824.0,179120251177.0,140,EUR
USA,United States,DNK,Denmark,5246183446.0,15740377235.0,10494193789.0,140,EUR
USA,United States,DOM,Dominican Republic,1390776393.0,2796606018.0,1405829625.0,140,AMR
USA,United States,DZA,Algeria,640700333.0,2502085411.0,1861385078.0,140,AFR
USA,United States,ECU,Ecuador,847361181.0,3877407697.0,3030046516.0,140,AMR
USA,United States,EGY,Egypt,1534529740.0,10302447024.0,8767917284.0,140,AFR
USA,United States,ESP,Spain,28888333867.0,78064998675.0,49176664808.0,140,EUR
USA,United States,EST,Estonia,253847345.0,523413346.0,269566001.0,140,EUR
USA,United States,FIN,Finland,3986343309.0,9993461200.0,6007117891.0,140,EUR
USA,United States,FJI,Fiji,133343078.0,348107491.0,214764413.0,140,APAC
USA,United States,FRA,France,43797740545.0,159017488772.0,115219748226.0,140,EUR
USA,United States,GAB,Gabon,17355153.0,182097413.0,164742260.0,140,AFR
USA,United States,GBR,United Kingdom,133920690779.0,520237670155.0,386316979376.0,140,EUR
USA,United States,GEO,Georgia,12517303.0,195246772.0,182729469.0,140,APAC
USA,United States,GGY,Guernsey,277198394.0,526312179.0,249113785.0,140,EUR
USA,United States,GHA,Ghana,587065014.0,2027678093.0,1440613079.0,140,AFR
USA,United States,GNQ,Equatorial Guinea,996256824.0,2449913229.0,1453656405.0,140,AFR
USA,United States,GRC,Greece,613381185.0,4422121034.0,3808739849.0,140,EUR
USA,United States,GTM,Guatemala,601213652.0,4048110549.0,3446896897.0,140,AMR
USA,United States,GUM,Guam,136488200.0,798897605.0,662409405.0,140,APAC
USA,United States,HKG,"Hong Kong, China",46346430070.0,138055904708.0,91709474638.0,140,APAC
USA,United States,HND,Honduras,1599231791.0,3687887532.0,2088655741.0,140,AMR
USA,United States,HRV,Croatia,204778272.0,709007366.0,504229094.0,140,EUR
USA,United States,HUN,Hungary,11978272351.0,20862766507.0,8884494156.0,140,EUR
USA,United States,IDN,Indonesia,8584525993.0,17791688222.0,9207162229.0,140,APAC
USA,United States,IND,India,35521146678.0,81409361689.0,45888215011.0,140,APAC
USA,United States,IRL,Ireland,197926461571.0,346769594998.0,148843133427.0,140,EUR
USA,United States,IRQ,Iraq,527711460.0,2149381227.0,1621669767.0,140,APAC
USA,United States,ISL,Iceland,1211650903.0,1724367391.0,512716488.0,140,EUR
USA,United States,ISR,Israel,10077508359.0,16277827236.0,6200318876.0,140,APAC
USA,United States,ITA,Italy,17965860227.0,88553245318.0,70587385091.0,140,EUR
USA,United States,JAM,Jamaica,114570915.0,381275676.0,266704761.0,140,AMR
USA,United States,JEY,Jersey,1892463102.0,2329598512.0,437135410.0,140,EUR
USA,United States,JOR,Jordan,330171237.0,1050671937.0,720500700.0,140,APAC
USA,United States,JPN,Japan,24670537757.0,204383838542.0,179713300785.0,140,APAC
USA,United States,KAZ,Kazakhstan,176665405.0,1994144374.0,1817478969.0,140,APAC
USA,United States,KEN,Kenya,286293579.0,1053650130.0,767356551.0,140,AFR
USA,United States,KHM,Cambodia,15970778.0,318322883.0,302352105.0,140,APAC
USA,United States,KNA,Saint Kitts and Nevis,41549110.0,185565397.0,144016287.0,140,AMR
USA,United States,KOR,Korea,14080679179.0,54792189442.0,40711510263.0,140,APAC
USA,United States,KWT,Kuwait,439771720.0,1548801814.0,1109030094.0,140,APAC
USA,United States,LBN,Lebanon,44206960.0,311433385.0,267226425.0,140,APAC
USA,United States,LBY,Libya,4444881.0,72873033.0,68428152.0,140,AFR
USA,United States,LCA,Saint Lucia,5606326.0,120092757.0,114486431.0,140,AMR
USA,United States,LKA,Sri Lanka,58298463.0,732654356.0,674355893.0,140,APAC
USA,United States,LTU,Lithuania,615255248.0,932721323.0,317466075.0,140,EUR
USA,United States,LUX,Luxembourg,57358377260.0,79433207170.0,22074829910.0,140,EUR
USA,United States,LVA,Latvia,330565222.0,476204081.0,145638859.0,140,EUR
USA,United States,MAC,"Macau, China",1300456567.0,9802667938.0,8502211371.0,140,APAC
USA,United States,MAR,Morocco,1311950999.0,2772423296.0,1460472297.0,140,AFR
USA,United States,MCO,Monaco,118666186.0,269319603.0,150653417.0,140,EUR
USA,United States,MEX,Mexico,61636103729.0,165801023157.0,104164919428.0,140,AMR
USA,United States,MKD,North Macedonia,126900215.0,162616067.0,35715852.0,140,EUR
USA,United States,MLT,Malta,-594278801.0,1151758624.0,1746037425.0,140,EUR
USA,United States,MMR,Myanmar,15906371.0,339823137.0,323916766.0,140,APAC
USA,United States,MOZ,Mozambique,256287264.0,380520518.0,124233254.0,140,AFR
USA,United States,MUS,Mauritius,3157899123.0,3705440643.0,547541520.0,140,AFR
USA,United States,MYS,Malaysia,21902987519.0,39254922307.0,17351934788.0,140,APAC
USA,United States,NAM,Namibia,1982338.0,72571786.0,70589448.0,140,AFR
USA,United States,NGA,Nigeria,7076611353.0,10721920720.0,3645309367.0,140,AFR
USA,United States,NIC,Nicaragua,120432078.0,1361538707.0,1241106629.0,140,AMR
USA,United States,NLD,Netherlands,165217233660.0,258539839443.0,93322605783.0,140,EUR
USA,United States,NOR,Norway,9135095326.0,24454913568.0,15319818242.0,140,EUR
USA,United States,NZL,New Zealand,1275926553.0,11765552298.0,10489625745.0,140,APAC
USA,United States,OAFR,Other Africa,964810394.0,2650404677.0,1685594283.0,140,AFR
USA,United States,OAMR,Other Americas,1841294080.0,3236276102.0,1394982022.0,140,AMR
USA,United States,OASIAOCN,Other Asia,91903083.0,1356756223.0,1264853140.0,140,APAC
USA,United States,OMN,Oman,1089092601.0,2066175218.0,977082617.0,140,APAC
USA,United States,OEUR,Other Europe,12198439378.0,14037887725.0,1839448348.0,140,EUR
USA,United States,PAK,Pakistan,193620828.0,2231538611.0,2037917783.0,140,APAC
USA,United States,PAN,Panama,8352906954.0,12577510208.0,4224603254.0,140,AMR
USA,United States,PER,Peru,3187831980.0,11608709632.0,8420877652.0,140,AMR
USA,United States,PHL,Philippines,10209249892.0,18551669398.0,8342419506.0,140,APAC
USA,United States,PNG,Papua New Guinea,235656298.0,1444596292.0,1208939994.0,140,APAC
USA,United States,POL,Poland,15998642941.0,35020725659.0,19022082719.0,140,EUR
USA,United States,PRI,Puerto Rico,83602561978.0,97835614361.0,14233052383.0,140,AMR
USA,United States,PRT,Portugal,2289250819.0,9089081236.0,6799830417.0,140,EUR
USA,United States,PRY,Paraguay,1267410043.0,1792008666.0,524598623.0,140,AMR
USA,United States,QAT,Qatar,787435009.0,3680877548.0,2893442539.0,140,APAC
USA,United States,ROU,Romania,3861483524.0,8447735711.0,4586252187.0,140,EUR
USA,United States,RUS,Russia,7747132709.0,36804373012.0,29057240303.0,140,APAC
USA,United States,SAU,Saudi Arabia,1707518647.0,11366789052.0,9659270405.0,140,APAC
USA,United States,SEN,Senegal,86120487.0,135205615.0,49085128.0,140,AFR
USA,United States,SGP,Singapore,174698176378.0,309187474241.0,134489297863.0,140,APAC
USA,United States,SLV,El Salvador,1116786446.0,3537463020.0,2420676574.0,140,AMR
USA,United States,SRB,Serbia,325336559.0,805317314.0,479980755.0,140,EUR
USA,United States,SVK,Slovak Republic,1600478299.0,6168549532.0,4568071233.0,140,EUR
USA,United States,SVN,Slovenia,229309634.0,1092639438.0,863329804.0,140,EUR
USA,United States,SWE,Sweden,12297566158.0,30183873648.0,17886307490.0,140,EUR
USA,United States,THA,Thailand,18938180845.0,46179492645.0,27241311800.0,140,APAC
USA,United States,TTO,Trinidad and Tobago,664525204.0,1740047238.0,1075522034.0,140,AMR
USA,United States,TUN,Tunisia,218319525.0,545039004.0,326719479.0,140,AFR
USA,United States,TUR,Turkey,2928316698.0,16494317354.0,13566000656.0,140,APAC
USA,United States,TWN,Chinese Taipei,8271430812.0,31413923822.0,23142493010.0,140,APAC
USA,United States,TZA,Tanzania,207166857.0,288442985.0,81276128.0,140,AFR
USA,United States,UGA,Uganda,18602994.0,161252688.0,142649694.0,140,AFR
USA,United States,UKI,UK Caribbean Islands,38141232607.0,54707150331.0,16565917723.0,140,AMR
USA,United States,UKR,Ukraine,1193883734.0,3025045818.0,1831162084.0,140,EUR
USA,United States,URY,Uruguay,1604981120.0,3868144645.0,2263163525.0,140,AMR
USA,United States,USA,United States,2718649216481.0,10518611804865.0,7799962588384.0,140,AMR
USA,United States,VEN,Venezuela,877640209.0,2055111547.0,1177471338.0,140,AMR
USA,United States,VIR,United States Virgin Islands,39198920.0,461725718.0,422526798.0,140,AMR
USA,United States,VNM,Viet Nam,1836490199.0,7037112654.0,5200622455.0,140,APAC
USA,United States,ZAF,South Africa,5810363430.0,29047941327.0,23237577897.0,140,AFR
USA,United States,ZMB,Zambia,181502523.0,523769287.0,342266764.0,140,AFR
USA,United States,ZWE,Zimbabwe,264014632.0,314531559.0,50516927.0,140,AFR
ZAF,South Africa,AFG,Afghanistan,8970.933,160377.133,151406.2,126,APAC
ZAF,South Africa,AGO,Angola,19244317.2,948175412.067,928931094.867,126,AFR
ZAF,South Africa,ARE,United Arab Emirates,106647985.867,338446220.733,231798234.867,126,APAC
ZAF,South Africa,ARG,Argentina,5479695.6,466652852.6,461173157.0,126,AMR
ZAF,South Africa,ASM,American Samoa,0.0,10065007.733,10065007.733,126,APAC
ZAF,South Africa,AUS,Australia,309234650.067,7970156784.133,7660922134.067,126,APAC
ZAF,South Africa,AUT,Austria,96396305.333,254288698.333,157892393.0,126,EUR
ZAF,South Africa,BEL,Belgium,16947206.2,466788277.6,449841071.4,126,EUR
ZAF,South Africa,BEN,Benin,8150.133,263618.333,255468.2,126,AFR
ZAF,South Africa,BFA,Burkina Faso,3003389.8,38052024.067,35048634.267,126,AFR
ZAF,South Africa,BGR,Bulgaria,2852371.467,6045232.2,3192860.733,126,EUR
ZAF,South Africa,BHR,Bahrain,0.0,939979.133,939979.133,126,APAC
ZAF,South Africa,BIH,Bosnia and Herzegovina,0.0,105447.733,105447.733,126,EUR
ZAF,South Africa,BMU,Bermuda,0.0,9020889.733,9020889.733,126,AMR
ZAF,South Africa,BRA,Brazil,73280393.267,828726416.733,755446023.467,126,AMR
ZAF,South Africa,BWA,Botswana,15133903.933,920851968.133,905718064.2,126,AFR
ZAF,South Africa,CAN,Canada,18233386.267,186783319.667,168549933.4,126,AMR
ZAF,South Africa,CHE,Switzerland,21119337.667,436554555.533,415435217.867,126,EUR
ZAF,South Africa,CHL,Chile,1115974451.533,8106643730.733,6990669279.2,126,AMR
ZAF,South Africa,CHN,China (People's Republic of),66826400.533,540153727.467,473327326.933,126,APAC
ZAF,South Africa,CIV,Côte d'Ivoire,27148.6,1052660.333,1025511.733,126,AFR
ZAF,South Africa,CMR,Cameroon,459.667,181760.133,181300.467,126,AFR
ZAF,South Africa,COD,Democratic Republic of the Congo,-872852.6,101112613.533,101985466.133,126,AFR
ZAF,South Africa,COG,Congo,0.0,238221.133,238221.133,126,AFR
ZAF,South Africa,COL,Colombia,20540370.6,74536427.8,53996057.2,126,AMR
ZAF,South Africa,CRI,Costa Rica,4597262.467,4597262.467,0.0,126,AMR
ZAF,South Africa,CYP,Cyprus,529.933,123335.4,122805.467,126,EUR
ZAF,South Africa,CZE,Czech Republic,32561768.533,420663171.4,388101402.867,126,EUR
ZAF,South Africa,DEU,Germany,571994244.867,3515083515.2,2943089270.333,126,EUR
ZAF,South Africa,DNK,Denmark,346439.267,346439.267,0.0,126,EUR
ZAF,South Africa,DOM,Dominican Republic,0.0,1095.467,1095.467,126,AMR
ZAF,South Africa,ECU,Ecuador,0.0,126207.667,126207.667,126,AMR
ZAF,South Africa,EGY,Egypt,31250999.667,68382250.067,37131250.4,126,AFR
ZAF,South Africa,ESP,Spain,946172.6,68333273.067,67387100.467,126,EUR
ZAF,South Africa,EST,Estonia,0.0,1528492.0,1528492.0,126,EUR
ZAF,South Africa,FIN,Finland,614754.0,3455202.8,2840448.8,126,EUR
ZAF,South Africa,FRA,France,262650296.2,299615017.533,36964721.333,126,EUR
ZAF,South Africa,GAB,Gabon,5722.0,55683656.133,55677934.133,126,AFR
ZAF,South Africa,GBR,United Kingdom,1516879900.733,8062493081.667,6545613180.933,126,EUR
ZAF,South Africa,GGY,Guernsey,18174683.0,66701418.6,48526735.6,126,EUR
ZAF,South Africa,GHA,Ghana,22956346.133,716676458.6,693720112.467,126,AFR
ZAF,South Africa,GIB,Gibraltar,0.0,2222393.267,2222393.267,126,EUR
ZAF,South Africa,GIN,Guinea,263702.933,389821518.2,389557815.267,126,AFR
ZAF,South Africa,GNB,Guinea-Bissau,0.0,34101.333,34101.333,126,AFR
ZAF,South Africa,GRC,Greece,1584737.467,2530802.333,946064.867,126,EUR
ZAF,South Africa,HKG,"Hong Kong, China",28205416.867,436789178.333,408583761.467,126,APAC
ZAF,South Africa,HRV,Croatia,0.0,29000.467,29000.467,126,EUR
ZAF,South Africa,HUN,Hungary,6289868.467,26970267.8,20680399.333,126,EUR
ZAF,South Africa,IDN,Indonesia,156045.4,69489744.867,69333699.467,126,APAC
ZAF,South Africa,IMN,Isle of Man,12419373.933,55614994.067,43195620.133,126,EUR
ZAF,South Africa,IND,India,9760577.267,26188101.6,16427524.333,126,APAC
ZAF,South Africa,IRL,Ireland,453108271.867,580317019.667,127208747.8,126,EUR
ZAF,South Africa,IRN,Iran,0.0,15377.6,15377.6,126,APAC
ZAF,South Africa,IRQ,Iraq,6859.333,2108962.733,2102103.4,126,APAC
ZAF,South Africa,ITA,Italy,128713305.533,1546146910.0,1417433604.467,126,EUR
ZAF,South Africa,JEY,Jersey,68313789.933,156373017.4,88059227.467,126,EUR
ZAF,South Africa,JOR,Jordan,30067.267,1182591.067,1152523.8,126,APAC
ZAF,South Africa,JPN,Japan,28601999.467,155496045.933,126894046.467,126,APAC
ZAF,South Africa,KAZ,Kazakhstan,0.0,134905.667,134905.667,126,APAC
ZAF,South Africa,KEN,Kenya,22385245.933,447782644.8,425397398.867,126,AFR
ZAF,South Africa,KOR,Korea,8434161.533,23526923.4,15092761.867,126,APAC
ZAF,South Africa,LBN,Lebanon,0.0,665833.8,665833.8,126,APAC
ZAF,South Africa,LBR,Liberia,4603.067,61571.667,56968.6,126,AFR
ZAF,South Africa,LSO,Lesotho,14173347.733,278068578.867,263895231.133,126,AFR
ZAF,South Africa,LTU,Lithuania,26644.667,17116264.067,17089619.4,126,EUR
ZAF,South Africa,LUX,Luxembourg,55917282.267,65659215.067,9741932.8,126,EUR
ZAF,South Africa,LVA,Latvia,0.0,4296030.467,4296030.467,126,EUR
ZAF,South Africa,MAC,"Macau, China",0.0,20028348.333,20028348.333,126,APAC
ZAF,South Africa,MAR,Morocco,220814.2,2631879.2,2411065.0,126,AFR
ZAF,South Africa,MDG,Madagascar,0.0,34101622.667,34101622.667,126,AFR
ZAF,South Africa,MEX,Mexico,122152550.933,174598116.733,52445565.8,126,AMR
ZAF,South Africa,MLI,Mali,5061362.667,53432381.067,48371018.4,126,AFR
ZAF,South Africa,MLT,Malta,6483.933,6483.933,0.0,126,EUR
ZAF,South Africa,MMR,Myanmar,0.0,758344.6,758344.6,126,APAC
ZAF,South Africa,MNG,Mongolia,0.0,1272720.533,1272720.533,126,APAC
ZAF,South Africa,MOZ,Mozambique,242815960.267,948931423.4,706115463.133,126,AFR
ZAF,South Africa,MRT,Mauritania,0.0,4924113.667,4924113.667,126,AFR
ZAF,South Africa,MUS,Mauritius,937594656.533,1733054219.667,795459563.133,126,AFR
ZAF,South Africa,MWI,Malawi,344345.0,165872955.4,165528610.4,126,AFR
ZAF,South Africa,MYS,Malaysia,10691213.0,132063504.933,121372291.933,126,APAC
ZAF,South Africa,NAM,Namibia,53286095.8,2102793469.667,2049507373.867,126,AFR
ZAF,South Africa,NGA,Nigeria,-10842328.867,1085721721.867,1096564050.733,126,AFR
ZAF,South Africa,NLD,Netherlands,198879413.667,1550830368.333,1351950954.667,126,EUR
ZAF,South Africa,NOR,Norway,58469.6,192504.4,134034.8,126,EUR
ZAF,South Africa,NZL,New Zealand,3792729.467,709833512.467,706040783.0,126,APAC
ZAF,South Africa,OMN,Oman,18652.333,17622415.6,17603763.267,126,APAC
ZAF,South Africa,PAN,Panama,12402087.133,334563765.933,322161678.8,126,AMR
ZAF,South Africa,PER,Peru,12028790.267,457556309.8,445527519.533,126,AMR
ZAF,South Africa,PHL,Philippines,9953265.6,13219454.467,3266188.867,126,APAC
ZAF,South Africa,PNG,Papua New Guinea,109184.8,141083888.0,140974703.2,126,APAC
ZAF,South Africa,POL,Poland,78756683.533,324351533.733,245594850.2,126,EUR
ZAF,South Africa,PRT,Portugal,431157.133,1341872.267,910715.133,126,EUR
ZAF,South Africa,PRY,Paraguay,15303418.733,24012520.067,8709101.333,126,AMR
ZAF,South Africa,QAT,Qatar,0.0,6966037.8,6966037.8,126,APAC
ZAF,South Africa,ROU,Romania,6081844.8,56017591.2,49935746.4,126,EUR
ZAF,South Africa,RUS,Russia,59050583.067,114696822.467,55646239.4,126,APAC
ZAF,South Africa,RWA,Rwanda,3591.2,23883264.8,23879673.6,126,AFR
ZAF,South Africa,SAU,Saudi Arabia,0.0,26049090.4,26049090.4,126,APAC
ZAF,South Africa,SDN,Sudan,482.8,284220.467,283737.667,126,AFR
ZAF,South Africa,SEN,Senegal,0.0,2165572.067,2165572.067,126,AFR
ZAF,South Africa,SGP,Singapore,35367396.933,507817004.667,472449607.733,126,APAC
ZAF,South Africa,SLE,Sierra Leone,0.0,5499408.533,5499408.533,126,AFR
ZAF,South Africa,SRB,Serbia,586387.2,1859618.0,1273230.8,126,EUR
ZAF,South Africa,SSD,South Sudan ,-20781.0,34160024.0,34180805.0,126,AFR
ZAF,South Africa,SVK,Slovak Republic,36555764.333,145762840.4,109207076.067,126,EUR
ZAF,South Africa,SVN,Slovenia,447732.4,448024.067,291.667,126,EUR
ZAF,South Africa,SWE,Sweden,13624750.8,98626543.8,85001793.0,126,EUR
ZAF,South Africa,SWZ,Eswatini,26040060.933,315676074.4,289636013.467,126,AFR
ZAF,South Africa,SYC,Seychelles,0.0,13939699.333,13939699.333,126,AFR
ZAF,South Africa,SYR,Syrian Arab Republic,0.0,163922.8,163922.8,126,APAC
ZAF,South Africa,THA,Thailand,575837.0,1875324.533,1299487.533,126,APAC
ZAF,South Africa,TLS,Timor-Leste,0.0,11572439.4,11572439.4,126,APAC
ZAF,South Africa,TUR,Turkey,163707.133,26285953.267,26122246.133,126,APAC
ZAF,South Africa,TWN,Chinese Taipei,11100279.667,50971273.0,39870993.333,126,APAC
ZAF,South Africa,TZA,Tanzania,9972117.667,1568997853.0,1559025735.333,126,AFR
ZAF,South Africa,UGA,Uganda,-4020809.133,237902341.333,241923150.467,126,AFR
ZAF,South Africa,UKI,UK Caribbean Islands,839678.333,854369.0,14690.667,126,AMR
ZAF,South Africa,UKR,Ukraine,1108651.267,3983300.8,2874649.533,126,EUR
ZAF,South Africa,URY,Uruguay,0.0,6640.733,6640.733,126,AMR
ZAF,South Africa,USA,United States,187111449.667,2109685543.133,1922574093.467,126,AMR
ZAF,South Africa,UZB,Uzbekistan,561.0,48616.667,48055.667,126,APAC
ZAF,South Africa,VEN,Venezuela,72891.8,1009799.933,936908.133,126,AMR
ZAF,South Africa,YEM,Yemen,0.0,1869.067,1869.067,126,APAC
ZAF,South Africa,ZAF,South Africa,15129155756.733,105635851303.27,90506695546.533,126,AFR
ZAF,South Africa,ZMB,Zambia,13351456.067,883021643.867,869670187.8,126,AFR
ZAF,South Africa,ZWE,Zimbabwe,491709844.2,1044138254.733,552428410.533,126,AFR
